time,gaze_x,gaze_y,key,mouse_dx,mouse_dy,mouse_key
2019-11-05 14:56:21.827495792,0.0,0.0,"{'D','W','D','W'}",-25.333,-1.667,{}
2019-11-05 14:56:21.834638649,0.0,0.0,"{'D','W'}",-19.8,-1.2,{}
2019-11-05 14:56:21.841781506,0.0,0.0,"{'D','W','D','W'}",-16.0,-1.4,{}
2019-11-05 14:56:21.848924363,0.0,0.0,"{'D','W','D','W'}",-8.571,-1.0,{}
2019-11-05 14:56:21.856067220,0.0,0.0,"{'D','W','D'}",-11.4,-1.4,{}
2019-11-05 14:56:21.863210077,0.0,0.0,{'D'},-11.333,-2.0,{}
2019-11-05 14:56:21.870352934,0.0,0.0,"{'D','D'}",-6.667,-1.167,{}
2019-11-05 14:56:21.877495791,0.0,0.0,"{'D','D'}",-4.667,-0.833,{}
2019-11-05 14:56:21.884638648,0.0,0.0,"{'D','D'}",-2.6,-0.6,{}
2019-11-05 14:56:21.891781505,0.0,0.0,"{'D','D'}",-3.833,-0.833,{}
2019-11-05 14:56:21.898924362,0.0,0.0,"{'D','D'}",-2.833,-1.0,{}
2019-11-05 14:56:21.906067219,0.0,0.0,{'D'},0.0,-0.25,{}
2019-11-05 14:56:21.913210076,0.0,0.0,"{'D','D'}",-0.8,-0.4,{}
2019-11-05 14:56:21.920352933,0.0,0.0,"{'D','D'}",-0.833,-0.5,{}
2019-11-05 14:56:21.927495790,0.0,0.0,{'D'},-0.25,-0.25,{}
2019-11-05 14:56:21.934638647,0.0,0.0,"{'D','D'}",0.0,0.0,{}
2019-11-05 14:56:21.941781504,0.0,0.0,"{'D','D'}",0.0,0.0,{}
2019-11-05 14:56:21.948924361,0.0,0.0,"{'D','D'}",0.0,0.0,{}
2019-11-05 14:56:21.956067218,0.0,0.0,"{'D','D'}",0.0,0.0,{}
2019-11-05 14:56:21.963210075,0.0,0.0,{'D'},0.0,0.0,{}
2019-11-05 14:56:21.970352932,0.0,0.0,"{'D','D'}",0.0,0.0,{}
2019-11-05 14:56:21.977495789,0.0,0.0,"{'D','D'}",0.0,0.0,{}
2019-11-05 14:56:21.984638646,0.0,0.0,{'D'},-0.5,0.0,{}
2019-11-05 14:56:21.991781503,0.0,0.0,"{'D','D'}",-0.167,0.0,{}
2019-11-05 14:56:21.998924360,0.0,0.0,"{'D','D'}",-0.4,0.2,{}
2019-11-05 14:56:22.006067217,0.0,0.0,"{'D','D'}",0.0,0.333,{}
2019-11-05 14:56:22.013210074,0.0,0.0,{'D'},0.0,0.75,{}
2019-11-05 14:56:22.020352931,0.0,0.0,"{'D','D'}",0.0,0.6,{}
2019-11-05 14:56:22.027495788,0.0,0.0,"{'D','D'}",0.0,0.833,{}
2019-11-05 14:56:22.034638645,0.0,0.0,{'D'},0.25,1.25,{}
2019-11-05 14:56:22.041781502,0.0,0.0,"{'D','D'}",0.0,0.833,{}
2019-11-05 14:56:22.048924359,0.0,0.0,"{'D','D'}",0.0,1.0,{}
2019-11-05 14:56:22.056067216,0.0,0.0,"{'D','D'}",-0.2,0.6,{}
2019-11-05 14:56:22.063210073,0.0,0.0,"{'D','D'}",-0.667,1.167,{}
2019-11-05 14:56:22.070352930,0.0,0.0,{'D'},-1.5,1.75,{}
2019-11-05 14:56:22.077495787,0.0,0.0,"{'D','D'}",-1.333,1.167,{}
2019-11-05 14:56:22.084638644,0.0,0.0,"{'D','D'}",-0.8,0.6,{}
2019-11-05 14:56:22.091781501,0.0,0.0,"{'D','D'}",-1.667,1.167,{}
2019-11-05 14:56:22.098924358,0.0,0.0,"{'D','D'}",-1.833,0.833,{}
2019-11-05 14:56:22.106067215,0.0,0.0,{'D'},-2.75,1.5,{}
2019-11-05 14:56:22.113210072,0.0,0.0,"{'D','D'}",-1.833,1.0,{}
2019-11-05 14:56:22.120352929,0.0,0.0,{'D'},-2.0,0.75,{}
2019-11-05 14:56:22.127495786,0.0,0.0,"{'D','D'}",-3.4,1.8,{}
2019-11-05 14:56:22.134638643,0.0,0.0,"{'D','D'}",-2.833,1.5,{}
2019-11-05 14:56:22.141781500,0.0,0.0,"{'D','D','S'}",-2.2,0.8,{}
2019-11-05 14:56:22.148924357,0.0,0.0,"{'D','S','D','S'}",-5.333,2.667,{}
2019-11-05 14:56:22.156067214,0.0,0.0,"{'D','S','D','S'}",-4.4,2.0,{}
2019-11-05 14:56:22.163210071,0.0,0.0,"{'D','S'}",-3.4,1.6,{}
2019-11-05 14:56:22.170352928,0.0,0.0,"{'D','S','D','S'}",-1.8,1.0,{}
2019-11-05 14:56:22.177495785,0.0,0.0,"{'D','S','D','S'}",-3.5,1.833,{}
2019-11-05 14:56:22.184638642,0.0,0.0,"{'D','S'}",-4.25,2.0,{}
2019-11-05 14:56:22.191781499,0.0,0.0,"{'D','S','D','S'}",-2.667,1.167,{}
2019-11-05 14:56:22.198924356,0.0,0.0,"{'D','S','D','S'}",-2.0,0.6,{}
2019-11-05 14:56:22.206067213,0.0,0.0,"{'D','S'}",-3.0,1.0,{}
2019-11-05 14:56:22.213210070,0.0,0.0,"{'D','S','D','S'}",-1.5,0.333,{}
2019-11-05 14:56:22.220352927,0.0,0.0,"{'D','S','D','S'}",-0.6,0.2,{}
2019-11-05 14:56:22.227495784,0.0,0.0,"{'D','S','D','S'}",-0.833,0.167,{}
2019-11-05 14:56:22.234638641,0.0,0.0,"{'D','S'}",0.0,0.25,{}
2019-11-05 14:56:22.241781498,0.0,0.0,"{'D','S','D','S'}",0.0,0.167,{}
2019-11-05 14:56:22.248924355,0.0,0.0,"{'D','S','D','S'}",0.833,0.167,{}
2019-11-05 14:56:22.256067212,0.0,0.0,"{'D','S','D','S'}",0.0,0.0,{}
2019-11-05 14:56:22.263210069,0.0,0.0,"{'D','S','D','S'}",0.0,0.0,{}
2019-11-05 14:56:22.270352926,0.0,0.0,"{'D','S','D','S'}",0.0,0.0,{}
2019-11-05 14:56:22.277495783,0.0,0.0,"{'D','S'}",0.0,0.0,{}
2019-11-05 14:56:22.284638640,0.0,0.0,"{'D','S','D','S'}",0.0,0.0,{}
2019-11-05 14:56:22.291781497,0.0,0.0,"{'D','S','D','S'}",0.0,0.0,{}
2019-11-05 14:56:22.298924354,0.0,0.0,"{'D','S','D','S'}",0.0,0.0,{}
2019-11-05 14:56:22.306067211,0.0,0.0,"{'D','S'}",0.0,0.0,{}
2019-11-05 14:56:22.313210068,0.0,0.0,"{'D','S','D','S'}",0.0,0.0,{}
2019-11-05 14:56:22.320352925,0.0,0.0,"{'D','S','D','S'}",0.0,0.0,{}
2019-11-05 14:56:22.327495782,0.0,0.0,"{'D','S','D','S'}",0.0,0.0,{}
2019-11-05 14:56:22.334638639,0.0,0.0,"{'D','S'}",0.0,0.0,{}
2019-11-05 14:56:22.341781496,0.0,0.0,"{'D','S','D','S'}",0.0,0.0,{}
2019-11-05 14:56:22.348924353,0.0,0.0,"{'D','S','D','S'}",0.0,0.0,{}
2019-11-05 14:56:22.356067210,0.0,0.0,"{'D','S','S'}",0.0,0.0,{}
2019-11-05 14:56:22.363210067,0.0,0.0,"{'S','S'}",0.0,0.0,{}
2019-11-05 14:56:22.370352924,0.0,0.0,{'S'},0.0,0.0,{}
2019-11-05 14:56:22.377495781,0.0,0.0,"{'S','S'}",0.0,0.0,{}
2019-11-05 14:56:22.384638638,0.0,0.0,{'S'},0.0,0.0,{}
2019-11-05 14:56:22.391781495,0.0,0.0,"{'S','S'}",0.0,0.0,{}
2019-11-05 14:56:22.398924352,0.0,0.0,"{'S','S'}",0.0,0.0,{}
2019-11-05 14:56:22.406067209,0.0,0.0,"{'S','S'}",0.833,0.0,{}
2019-11-05 14:56:22.413210066,0.0,0.0,"{'S','S'}",1.4,-0.4,{}
2019-11-05 14:56:22.420352923,0.0,0.0,{'S'},2.2,-0.2,{}
2019-11-05 14:56:22.427495780,0.0,0.0,"{'S','S'}",5.2,0.0,{}
2019-11-05 14:56:22.434638637,0.0,0.0,{'S'},7.0,0.0,{}
2019-11-05 14:56:22.441781494,0.0,0.0,"{'S','S'}",8.75,0.25,{}
2019-11-05 14:56:22.448924351,0.0,0.0,"{'S','S'}",9.0,0.5,{}
2019-11-05 14:56:22.456067208,0.0,0.0,"{'S','S'}",13.5,1.167,{}
2019-11-05 14:56:22.463210065,0.0,0.0,"{'S','S'}",14.5,1.0,{}
2019-11-05 14:56:22.470352922,0.0,0.0,"{'S','S'}",11.0,0.6,{}
2019-11-05 14:56:22.477495779,0.0,0.0,{'S'},34.0,2.0,{}
2019-11-05 14:56:22.484638636,0.0,0.0,"{'S','S'}",24.8,1.2,{}
2019-11-05 14:56:22.491781493,0.0,0.0,"{'D','S','D'}",27.167,1.0,{}
2019-11-05 14:56:22.498924350,0.0,0.0,"{'D','D'}",43.0,1.167,{}
2019-11-05 14:56:22.506067207,0.0,0.0,"{'D','D'}",18.2,0.4,{}
2019-11-05 14:56:22.513210064,0.0,0.0,{'D'},39.2,0.6,{}
2019-11-05 14:56:22.520352921,0.0,0.0,"{'D','D'}",39.8,0.4,{}
2019-11-05 14:56:22.527495778,0.0,0.0,"{'D','D'}",34.5,0.167,{}
2019-11-05 14:56:22.534638635,0.0,0.0,"{'D','D'}",20.2,0.0,{}
2019-11-05 14:56:22.541781492,0.0,0.0,{'D'},40.8,0.0,{}
2019-11-05 14:56:22.548924349,0.0,0.0,"{'D','D'}",32.0,-0.5,{}
2019-11-05 14:56:22.556067206,0.0,0.0,"{'D','D'}",18.0,-0.4,{}
2019-11-05 14:56:22.563210063,0.0,0.0,"{'D','D'}",32.0,-1.333,{}
2019-11-05 14:56:22.570352920,0.0,0.0,{'D'},32.75,-1.5,{}
2019-11-05 14:56:22.577495777,0.0,0.0,"{'D','D'}",35.6,-2.2,{}
2019-11-05 14:56:22.584638634,0.0,0.0,"{'D','D'}",15.0,-1.2,{}
2019-11-05 14:56:22.591781491,0.0,0.0,{'D'},26.0,-2.6,{}
2019-11-05 14:56:22.598924348,0.0,0.0,"{'D','D'}",25.167,-2.833,{}
2019-11-05 14:56:22.606067205,0.0,0.0,"{'D','D'}",19.4,-2.8,{}
2019-11-05 14:56:22.613210062,0.0,0.0,"{'D','D'}",13.0,-2.167,{}
2019-11-05 14:56:22.620352919,0.0,0.0,"{'D','D'}",6.8,-1.2,{}
2019-11-05 14:56:22.627495776,0.0,0.0,{'D'},12.75,-2.0,{}
2019-11-05 14:56:22.634638633,0.0,0.0,"{'D','D'}",5.833,-0.833,{}
2019-11-05 14:56:22.641781490,0.0,0.0,"{'D','D'}",2.5,-0.333,{}
2019-11-05 14:56:22.648924347,0.0,0.0,"{'D','D'}",0.333,0.0,{}
2019-11-05 14:56:22.656067204,0.0,0.0,"{'D','D'}",-0.8,0.0,{}
2019-11-05 14:56:22.663210061,0.0,0.0,{'D'},-4.5,0.75,{}
2019-11-05 14:56:22.670352918,0.0,0.0,"{'D','D'}",-3.0,0.833,{}
2019-11-05 14:56:22.677495775,0.0,0.0,"{'D','D'}",-8.167,1.5,{}
2019-11-05 14:56:22.684638632,0.0,0.0,{'D'},-15.667,2.0,{}
2019-11-05 14:56:22.691781489,0.0,0.0,"{'D','D'}",-13.0,1.667,{}
2019-11-05 14:56:22.698924346,0.0,0.0,"{'D','W','D','W'}",-13.5,1.5,{}
2019-11-05 14:56:22.706067203,0.0,0.0,"{'D','W','D','W'}",-15.667,1.5,{}
2019-11-05 14:56:22.713210060,0.0,0.0,"{'D','W','D','W'}",-12.0,1.0,{}
2019-11-05 14:56:22.720352917,0.0,0.0,"{'D','W'}",-31.25,2.75,{}
2019-11-05 14:56:22.727495774,0.0,0.0,"{'D','W','D','W'}",-23.833,1.833,{}
2019-11-05 14:56:22.734638631,0.0,0.0,"{'D','W','D','W'}",-16.833,1.0,{}
2019-11-05 14:56:22.741781488,0.0,0.0,"{'D','W'}",-35.0,2.333,{}
2019-11-05 14:56:22.748924345,0.0,0.0,"{'D','W','D','W'}",-28.667,1.333,{}
2019-11-05 14:56:22.756067202,0.0,0.0,"{'D','W','D','W'}",-10.0,0.2,{}
2019-11-05 14:56:22.763210059,0.0,0.0,"{'D','W'}",-25.25,0.25,{}
2019-11-05 14:56:22.770352916,0.0,0.0,"{'D','W','D','W'}",-33.833,0.167,{}
2019-11-05 14:56:22.777495773,0.0,0.0,"{'D','W','D','W'}",-26.6,0.0,{}
2019-11-05 14:56:22.784638630,0.0,0.0,"{'D','W','D','W'}",-43.2,-0.6,{}
2019-11-05 14:56:22.791781487,0.0,0.0,"{'D','W'}",-59.4,-2.2,{}
2019-11-05 14:56:22.798924344,0.0,0.0,"{'D','W','D','W','D','W'}",-26.857,-1.286,{}
2019-11-05 14:56:22.806067201,0.0,0.0,"{'D','W'}",-43.2,-3.4,{}
2019-11-05 14:56:22.813210058,0.0,0.0,"{'D','W','D','W'}",-35.5,-3.167,{}
2019-11-05 14:56:22.820352915,0.0,0.0,"{'D','W','D','W'}",-20.0,-2.2,{}
2019-11-05 14:56:22.827495772,0.0,0.0,"{'D','W','D','W'}",-35.4,-4.8,{}
2019-11-05 14:56:22.834638629,0.0,0.0,"{'D','W'}",-35.6,-6.0,{}
2019-11-05 14:56:22.841781486,0.0,0.0,"{'D','W','D','W'}",-24.833,-5.0,{}
2019-11-05 14:56:22.848924343,0.0,0.0,"{'D','W','D','W'}",-19.333,-4.833,{}
2019-11-05 14:56:22.856067200,0.0,0.0,"{'D','W','D'}",-8.8,-2.6,{}
2019-11-05 14:56:22.863210057,0.0,0.0,{'D'},-14.5,-5.0,{}
2019-11-05 14:56:22.870352914,0.0,0.0,"{'D','D'}",0.0,0.0,{}
2019-11-05 14:56:22.877495771,0.0,0.0,"{'D','D'}",0.0,0.0,{}
2019-11-05 14:56:22.884638628,0.0,0.0,"{'D','D'}",0.0,0.0,{}
2019-11-05 14:56:22.891781485,0.0,0.0,{'D'},0.0,0.0,{}
2019-11-05 14:56:22.898924342,0.0,0.0,"{'D','D'}",0.0,0.0,{}
2019-11-05 14:56:22.906067199,0.0,0.0,"{'D','D'}",0.0,0.0,{}
2019-11-05 14:56:22.913210056,0.0,0.0,"{'D','D'}",0.0,0.0,{}
2019-11-05 14:56:22.920352913,0.0,0.0,"{'D','D'}",0.0,0.0,{}
2019-11-05 14:56:22.927495770,0.0,0.0,{'D'},0.0,0.0,{}
2019-11-05 14:56:22.934638627,0.0,0.0,"{'D','D'}",0.0,0.0,{}
2019-11-05 14:56:22.941781484,0.0,0.0,"{'D','D'}",0.0,0.0,{}
2019-11-05 14:56:22.948924341,0.0,0.0,"{'D','D'}",0.0,0.0,{}
2019-11-05 14:56:22.956067198,0.0,0.0,"{'D','D'}",0.0,0.0,{}
2019-11-05 14:56:22.963210055,0.0,0.0,{'D'},0.0,0.0,{}
2019-11-05 14:56:22.970352912,0.0,0.0,"{'D','D'}",0.0,0.0,{}
2019-11-05 14:56:22.977495769,0.0,0.0,"{'D','D'}",0.0,0.0,{}
2019-11-05 14:56:22.984638626,0.0,0.0,"{'D','D'}",14.5,1.0,{}
2019-11-05 14:56:22.991781483,0.0,0.0,{'D'},38.5,3.5,{}
2019-11-05 14:56:22.998924340,0.0,0.0,"{'D','D'}",26.667,2.333,{}
2019-11-05 14:56:23.006067197,0.0,0.0,"{'D','D'}",17.4,1.6,{}
2019-11-05 14:56:23.013210054,0.0,0.0,"{'D','D'}",29.5,3.0,{}
2019-11-05 14:56:23.020352911,0.0,0.0,"{'D','D'}",32.833,3.5,{}
2019-11-05 14:56:23.027495768,0.0,0.0,{'D'},50.5,4.25,{}
2019-11-05 14:56:23.034638625,0.0,0.0,"{'D','D'}",20.4,1.4,{}
2019-11-05 14:56:23.041781482,0.0,0.0,"{'D','D'}",30.5,1.5,{}
2019-11-05 14:56:23.048924339,0.0,0.0,"{'D','D'}",40.833,1.167,{}
2019-11-05 14:56:23.056067196,0.0,0.0,{'D'},59.75,1.0,{}
2019-11-05 14:56:23.063210053,0.0,0.0,"{'D','D','W'}",26.0,0.0,{}
2019-11-05 14:56:23.070352910,0.0,0.0,"{'D','W'}",49.75,0.25,{}
2019-11-05 14:56:23.077495767,0.0,0.0,"{'D','W','D','W'}",19.6,0.0,{}
2019-11-05 14:56:23.084638624,0.0,0.0,"{'D','W','D','W'}",28.0,-0.167,{}
2019-11-05 14:56:23.091781481,0.0,0.0,"{'D','W','D','W'}",24.167,-0.333,{}
2019-11-05 14:56:23.098924338,0.0,0.0,"{'D','W','D','W'}",20.167,-0.5,{}
2019-11-05 14:56:23.106067195,0.0,0.0,"{'D','W'}",23.0,-1.75,{}
2019-11-05 14:56:23.113210052,0.0,0.0,"{'D','W','D','W'}",7.0,-0.8,{}
2019-11-05 14:56:23.120352909,0.0,0.0,"{'D','W','D','W'}",10.167,-1.5,{}
2019-11-05 14:56:23.127495766,0.0,0.0,"{'D','W','D','W'}",7.333,-1.167,{}
2019-11-05 14:56:23.134638623,0.0,0.0,"{'D','W'}",11.5,-1.5,{}
2019-11-05 14:56:23.141781480,0.0,0.0,"{'D','W','D','W'}",2.6,-0.2,{}
2019-11-05 14:56:23.148924337,0.0,0.0,"{'D','W','LCONTROL','D','W','LCONTROL'}",3.167,-0.333,{}
2019-11-05 14:56:23.156067194,0.0,0.0,"{'D','W','LCONTROL','D','W','LCONTROL'}",1.667,0.0,{}
2019-11-05 14:56:23.163210051,0.0,0.0,"{'D','W','LCONTROL','D','W','LCONTROL'}",0.167,0.0,{}
2019-11-05 14:56:23.170352908,0.0,0.0,"{'D','W','LCONTROL','D','W','LCONTROL'}",-0.333,-0.167,{}
2019-11-05 14:56:23.177495765,0.0,0.0,"{'D','W','LCONTROL'}",-1.667,0.0,{}
2019-11-05 14:56:23.184638622,0.0,0.0,"{'D','W','LCONTROL'}",-2.2,-0.2,{}
2019-11-05 14:56:23.191781479,0.0,0.0,"{'D','W','LCONTROL','D','W','LCONTROL'}",-3.6,-0.2,{}
2019-11-05 14:56:23.198924336,0.0,0.0,"{'D','W','LCONTROL','D','W','LCONTROL'}",-3.143,-0.286,{}
2019-11-05 14:56:23.206067193,0.0,0.0,"{'D','W','LCONTROL','D','W','LCONTROL'}",-4.8,-0.4,{}
2019-11-05 14:56:23.213210050,0.0,0.0,"{'D','W','LCONTROL','D','W','LCONTROL'}",-2.2,-0.2,{'LEFT'}
2019-11-05 14:56:23.220352907,0.0,0.0,"{'D','W','LCONTROL','D','W','LCONTROL'}",-3.333,0.0,"{'LEFT','LEFT'}"
2019-11-05 14:56:23.227495764,0.0,0.0,"{'D','W','LCONTROL'}",-2.8,0.0,"{'LEFT','LEFT'}"
2019-11-05 14:56:23.234638621,0.0,0.0,"{'D','W','LCONTROL','D','W','LCONTROL'}",-2.0,0.6,{'LEFT'}
2019-11-05 14:56:23.241781478,0.0,0.0,"{'D','W','LCONTROL','D','W','LCONTROL'}",0.0,0.0,"{'LEFT','LEFT'}"
2019-11-05 14:56:23.248924335,0.0,0.0,"{'D','W','LCONTROL','D','W','LCONTROL'}",-0.167,0.333,"{'LEFT','LEFT'}"
2019-11-05 14:56:23.256067192,0.0,0.0,"{'D','W','LCONTROL','D','W','LCONTROL'}",0.0,0.333,"{'LEFT','LEFT'}"
2019-11-05 14:56:23.263210049,0.0,0.0,"{'D','W','LCONTROL'}",0.0,0.8,"{'LEFT','LEFT'}"
2019-11-05 14:56:23.270352906,0.0,0.0,"{'D','W','LCONTROL','D','W','LCONTROL'}",0.0,0.6,{'LEFT'}
2019-11-05 14:56:23.277495763,0.0,0.0,"{'D','W','LCONTROL','D','W','LCONTROL'}",-0.2,0.4,"{'LEFT','LEFT'}"
2019-11-05 14:56:23.284638620,0.0,0.0,"{'D','W','LCONTROL','D','W','LCONTROL'}",-0.333,0.667,"{'LEFT','LEFT'}"
2019-11-05 14:56:23.291781477,0.0,0.0,"{'D','W','LCONTROL'}",-0.8,1.0,"{'LEFT','LEFT'}"
2019-11-05 14:56:23.298924334,0.0,0.0,"{'D','W','LCONTROL','D','W','LCONTROL'}",-0.8,1.2,{'LEFT'}
2019-11-05 14:56:23.306067191,0.0,0.0,"{'D','W','LCONTROL','D','LCONTROL'}",0.0,0.6,"{'LEFT','LEFT'}"
2019-11-05 14:56:23.313210048,0.0,0.0,"{'D','LCONTROL','D','LCONTROL'}",0.0,1.167,"{'LEFT','LEFT'}"
2019-11-05 14:56:23.320352905,0.0,0.0,"{'D','LCONTROL'}",0.8,1.4,"{'LEFT','LEFT'}"
2019-11-05 14:56:23.327495762,0.0,0.0,"{'D','LCONTROL','D','LCONTROL'}",3.0,3.2,{'LEFT'}
2019-11-05 14:56:23.334638619,0.0,0.0,"{'D','LCONTROL','D','LCONTROL'}",1.0,0.8,"{'LEFT','LEFT'}"
2019-11-05 14:56:23.341781476,0.0,0.0,"{'D','LCONTROL','D','LCONTROL'}",2.167,1.167,"{'LEFT','LEFT'}"
2019-11-05 14:56:23.348924333,0.0,0.0,"{'D','LCONTROL','D','LCONTROL'}",4.0,2.0,{}
2019-11-05 14:56:23.356067190,0.0,0.0,"{'D','LCONTROL'}",3.5,1.0,{}
2019-11-05 14:56:23.363210047,0.0,0.0,"{'D','LCONTROL','D','LCONTROL'}",1.8,0.4,{}
2019-11-05 14:56:23.370352904,0.0,0.0,"{'D','LCONTROL'}",7.4,1.2,{}
2019-11-05 14:56:23.377495761,0.0,0.0,"{'D','LCONTROL','D','LCONTROL'}",4.75,0.5,{}
2019-11-05 14:56:23.384638618,0.0,0.0,"{'D','LCONTROL'}",4.6,0.0,{}
2019-11-05 14:56:23.391781475,0.0,0.0,"{'D','LCONTROL','D','LCONTROL'}",3.5,-0.167,{}
2019-11-05 14:56:23.398924332,0.0,0.0,"{'D','LCONTROL','D','LCONTROL'}",3.0,-0.667,{}
2019-11-05 14:56:23.406067189,0.0,0.0,"{'D','LCONTROL','D','LCONTROL'}",3.4,-1.2,{}
2019-11-05 14:56:23.413210046,0.0,0.0,"{'D','LCONTROL','D','LCONTROL'}",1.8,-0.8,{}
2019-11-05 14:56:23.420352903,0.0,0.0,"{'D','LCONTROL'}",3.4,-1.4,{}
2019-11-05 14:56:23.427495760,0.0,0.0,"{'D','LCONTROL','D','LCONTROL'}",3.333,-1.5,{}
2019-11-05 14:56:23.434638617,0.0,0.0,"{'D','LCONTROL','D','LCONTROL'}",4.4,-1.6,{}
2019-11-05 14:56:23.441781474,0.0,0.0,"{'D','LCONTROL','D','LCONTROL'}",2.4,-1.0,{}
2019-11-05 14:56:23.448924331,0.0,0.0,"{'D','LCONTROL','D','LCONTROL'}",4.0,-1.167,{}
2019-11-05 14:56:23.456067188,0.0,0.0,"{'D','LCONTROL'}",4.6,-1.4,{}
2019-11-05 14:56:23.463210045,0.0,0.0,"{'D','LCONTROL','D','LCONTROL'}",2.667,-0.833,{}
2019-11-05 14:56:23.470352902,0.0,0.0,"{'D','LCONTROL','D','LCONTROL'}",4.2,-1.0,{}
2019-11-05 14:56:23.477495759,0.0,0.0,"{'D','LCONTROL'}",4.25,-1.25,{}
2019-11-05 14:56:23.484638616,0.0,0.0,"{'D','LCONTROL','D','LCONTROL'}",2.0,-0.8,{}
2019-11-05 14:56:23.491781473,0.0,0.0,"{'D','LCONTROL','D','LCONTROL'}",1.167,-0.5,{}
2019-11-05 14:56:23.498924330,0.0,0.0,"{'D','LCONTROL','D','LCONTROL'}",0.333,-0.333,{}
2019-11-05 14:56:23.506067187,0.0,0.0,"{'D','LCONTROL','D','LCONTROL'}",0.0,-0.167,{}
2019-11-05 14:56:23.513210044,0.0,0.0,"{'D','LCONTROL','D','LCONTROL'}",0.0,0.0,"{'LEFT','LEFT'}"
2019-11-05 14:56:23.520352901,0.0,0.0,"{'D','LCONTROL'}",-0.6,-0.2,"{'LEFT','LEFT'}"
2019-11-05 14:56:23.527495758,0.0,0.0,"{'D','LCONTROL','D','LCONTROL'}",-1.0,-0.2,{'LEFT'}
2019-11-05 14:56:23.534638615,0.0,0.0,"{'D','LCONTROL','D','LCONTROL'}",-1.667,-0.167,"{'LEFT','LEFT'}"
2019-11-05 14:56:23.541781472,0.0,0.0,"{'D','LCONTROL','D','LCONTROL'}",-0.8,0.0,"{'LEFT','LEFT'}"
2019-11-05 14:56:23.548924329,0.0,0.0,"{'D','LCONTROL','D','LCONTROL'}",-1.333,0.5,"{'LEFT','LEFT'}"
2019-11-05 14:56:23.556067186,0.0,0.0,"{'D','LCONTROL'}",-1.4,0.8,"{'LEFT','LEFT'}"
2019-11-05 14:56:23.563210043,0.0,0.0,"{'D','LCONTROL','D','LCONTROL'}",-1.4,1.0,{'LEFT'}
2019-11-05 14:56:23.570352900,0.0,0.0,"{'D','LCONTROL','D','LCONTROL'}",0.0,0.167,"{'LEFT','LEFT'}"
2019-11-05 14:56:23.577495757,0.0,0.0,"{'D','LCONTROL','D','LCONTROL'}",-0.4,0.8,"{'LEFT','LEFT'}"
2019-11-05 14:56:23.584638614,0.0,0.0,"{'D','LCONTROL'}",-0.5,1.5,{'LEFT'}
2019-11-05 14:56:23.591781471,0.0,0.0,"{'D','LCONTROL','D','LCONTROL'}",0.0,1.0,"{'LEFT','LEFT'}"
2019-11-05 14:56:23.598924328,0.0,0.0,"{'D','LCONTROL','D','LCONTROL'}",0.0,0.833,"{'LEFT','LEFT'}"
2019-11-05 14:56:23.606067185,0.0,0.0,"{'D','LCONTROL','D','LCONTROL'}",0.2,0.4,"{'LEFT','LEFT'}"
2019-11-05 14:56:23.613210042,0.0,0.0,"{'D','LCONTROL','D','LCONTROL'}",0.167,0.667,"{'LEFT','LEFT'}"
2019-11-05 14:56:23.620352899,0.0,0.0,"{'D','LCONTROL'}",0.25,0.0,{'LEFT'}
2019-11-05 14:56:23.627495756,0.0,0.0,"{'D','LCONTROL','D','LCONTROL'}",0.167,0.333,"{'LEFT','LEFT'}"
2019-11-05 14:56:23.634638613,0.0,0.0,"{'D','LCONTROL','D','LCONTROL'}",0.0,0.0,"{'LEFT','LEFT'}"
2019-11-05 14:56:23.641781470,0.0,0.0,"{'D','LCONTROL'}",0.0,0.0,"{'LEFT','LEFT'}"
2019-11-05 14:56:23.648924327,0.0,0.0,"{'D','LCONTROL','D','LCONTROL'}",0.0,0.0,"{'LEFT','LEFT'}"
2019-11-05 14:56:23.656067184,0.0,0.0,"{'D','LCONTROL','D','LCONTROL'}",0.0,0.0,{'LEFT'}
2019-11-05 14:56:23.663210041,0.0,0.0,"{'D','LCONTROL','D','LCONTROL'}",0.0,0.0,"{'LEFT','LEFT'}"
2019-11-05 14:56:23.670352898,0.0,0.0,"{'D','LCONTROL','D','LCONTROL'}",0.0,0.0,"{'LEFT','LEFT'}"
2019-11-05 14:56:23.677495755,0.0,0.0,"{'D','LCONTROL'}",0.2,0.2,"{'LEFT','LEFT'}"
2019-11-05 14:56:23.684638612,0.0,0.0,"{'D','LCONTROL','D','LCONTROL'}",0.2,0.4,{'LEFT'}
2019-11-05 14:56:23.691781469,0.0,0.0,"{'D','LCONTROL'}",0.25,0.5,"{'LEFT','LEFT'}"
2019-11-05 14:56:23.698924326,0.0,0.0,"{'D','LCONTROL','D','LCONTROL'}",0.333,0.5,"{'LEFT','LEFT'}"
2019-11-05 14:56:23.706067183,0.0,0.0,"{'D','LCONTROL','D','LCONTROL'}",0.8,0.4,{'LEFT'}
2019-11-05 14:56:23.713210040,0.0,0.0,"{'D','LCONTROL','D','LCONTROL'}",0.5,0.333,"{'LEFT','LEFT'}"
2019-11-05 14:56:23.720352897,0.0,0.0,"{'D','LCONTROL','D','LCONTROL'}",0.5,0.333,"{'LEFT','LEFT'}"
2019-11-05 14:56:23.727495754,0.0,0.0,"{'D','LCONTROL','D','LCONTROL'}",0.4,0.0,"{'LEFT','LEFT'}"
2019-11-05 14:56:23.734638611,0.0,0.0,"{'D','LCONTROL'}",0.4,0.2,{}
2019-11-05 14:56:23.741781468,0.0,0.0,"{'D','LCONTROL','D','LCONTROL'}",0.2,0.0,{}
2019-11-05 14:56:23.748924325,0.0,0.0,"{'D','LCONTROL','D','LCONTROL'}",0.167,0.167,{}
2019-11-05 14:56:23.756067182,0.0,0.0,"{'D','LCONTROL','D','LCONTROL'}",0.0,0.0,{}
2019-11-05 14:56:23.763210039,0.0,0.0,"{'D','LCONTROL','D','LCONTROL'}",0.0,0.0,{}
2019-11-05 14:56:23.770352896,0.0,0.0,"{'D','LCONTROL'}",0.0,0.0,{}
2019-11-05 14:56:23.777495753,0.0,0.0,"{'D','LCONTROL','D','LCONTROL'}",0.0,0.0,{}
2019-11-05 14:56:23.784638610,0.0,0.0,"{'D','LCONTROL','D','LCONTROL'}",0.0,0.0,{}
2019-11-05 14:56:23.791781467,0.0,0.0,"{'D','LCONTROL','D','LCONTROL'}",-0.2,0.0,{}
2019-11-05 14:56:23.798924324,0.0,0.0,"{'D','LCONTROL','D','LCONTROL'}",0.0,0.0,{}
2019-11-05 14:56:23.806067181,0.0,0.0,"{'D','LCONTROL'}",0.0,0.0,{}
2019-11-05 14:56:23.813210038,0.0,0.0,"{'D','LCONTROL','D','LCONTROL'}",0.0,0.0,{}
2019-11-05 14:56:23.820352895,0.0,0.0,"{'D','LCONTROL','D','LCONTROL'}",0.0,0.0,{}
2019-11-05 14:56:23.827495752,0.0,0.0,"{'D','LCONTROL','D','LCONTROL'}",0.0,0.0,{}
2019-11-05 14:56:23.834638609,0.0,0.0,"{'D','LCONTROL'}",0.0,0.0,{}
2019-11-05 14:56:23.841781466,0.0,0.0,"{'D','LCONTROL','D','LCONTROL'}",0.0,0.0,{}
2019-11-05 14:56:23.848924323,0.0,0.0,"{'D','LCONTROL','D','LCONTROL'}",-0.2,0.0,{}
2019-11-05 14:56:23.856067180,0.0,0.0,"{'D','LCONTROL'}",-0.4,-0.2,{}
2019-11-05 14:56:23.863210037,0.0,0.0,"{'D','LCONTROL','D','LCONTROL'}",-0.4,0.0,{}
2019-11-05 14:56:23.870352894,0.0,0.0,"{'D','LCONTROL','D','LCONTROL'}",-0.5,0.0,{}
2019-11-05 14:56:23.877495751,0.0,0.0,"{'D','LCONTROL','D','LCONTROL'}",-0.2,0.0,{}
2019-11-05 14:56:23.884638608,0.0,0.0,"{'D','LCONTROL'}",-1.0,-0.25,{}
2019-11-05 14:56:23.891781465,0.0,0.0,"{'D','LCONTROL','D','LCONTROL'}",-0.5,0.0,{}
2019-11-05 14:56:23.898924322,0.0,0.0,"{'D','LCONTROL','D','LCONTROL'}",-0.5,0.0,{}
2019-11-05 14:56:23.906067179,0.0,0.0,"{'D','LCONTROL','D','LCONTROL'}",-0.667,0.0,{'LEFT'}
2019-11-05 14:56:23.913210036,0.0,0.0,"{'D','LCONTROL','D','W','LCONTROL'}",-0.8,0.0,"{'LEFT','LEFT'}"
2019-11-05 14:56:23.920352893,0.0,0.0,"{'D','W','LCONTROL'}",-1.25,0.25,{'LEFT'}
2019-11-05 14:56:23.927495750,0.0,0.0,"{'D','W','LCONTROL','D','W','LCONTROL'}",-0.833,0.167,"{'LEFT','LEFT'}"
2019-11-05 14:56:23.934638607,0.0,0.0,"{'D','W','LCONTROL','D','W','LCONTROL'}",-1.0,0.333,"{'LEFT','LEFT'}"
2019-11-05 14:56:23.941781464,0.0,0.0,"{'D','W','LCONTROL','D','W','LCONTROL'}",-0.4,0.0,"{'LEFT','LEFT'}"
2019-11-05 14:56:23.948924321,0.0,0.0,"{'D','W','LCONTROL','D','W','LCONTROL'}",-0.833,0.333,"{'LEFT','LEFT'}"
2019-11-05 14:56:23.956067178,0.0,0.0,"{'D','W','LCONTROL'}",-1.75,0.5,{'LEFT'}
2019-11-05 14:56:23.963210035,0.0,0.0,"{'D','W','LCONTROL','D','W','LCONTROL'}",-0.667,0.333,"{'LEFT','LEFT'}"
2019-11-05 14:56:23.970352892,0.0,0.0,"{'D','W','LCONTROL','D','W','LCONTROL'}",-0.5,0.333,"{'LEFT','LEFT'}"
2019-11-05 14:56:23.977495749,0.0,0.0,"{'D','W','LCONTROL','D','W','LCONTROL'}",-0.4,0.2,"{'LEFT','LEFT'}"
2019-11-05 14:56:23.984638606,0.0,0.0,"{'D','W','LCONTROL'}",-0.5,0.5,{'LEFT'}
2019-11-05 14:56:23.991781463,0.0,0.0,"{'D','W','LCONTROL','D','W','LCONTROL'}",-0.167,0.167,"{'LEFT','LEFT'}"
2019-11-05 14:56:23.998924320,0.0,0.0,"{'D','W','LCONTROL','D','W','LCONTROL'}",0.0,0.2,"{'LEFT','LEFT'}"
2019-11-05 14:56:24.006067177,0.0,0.0,"{'D','W','LCONTROL'}",0.0,0.5,{'LEFT'}
2019-11-05 14:56:24.013210034,0.0,0.0,"{'D','W','LCONTROL','D','W','LCONTROL'}",0.0,0.333,"{'LEFT','LEFT'}"
2019-11-05 14:56:24.020352891,0.0,0.0,"{'D','W','LCONTROL','D','W','LCONTROL'}",0.0,0.167,"{'LEFT','LEFT'}"
2019-11-05 14:56:24.027495748,0.0,0.0,"{'D','W','LCONTROL','D','W','LCONTROL'}",0.0,0.333,"{'LEFT','LEFT'}"
2019-11-05 14:56:24.034638605,0.0,0.0,"{'D','W','LCONTROL'}",0.0,0.333,{'LEFT'}
2019-11-05 14:56:24.041781462,0.0,0.0,"{'D','W','LCONTROL','D','W','LCONTROL'}",0.0,0.167,"{'LEFT','LEFT'}"
2019-11-05 14:56:24.048924319,0.0,0.0,"{'D','W','LCONTROL','D','W','LCONTROL'}",-0.167,0.333,"{'LEFT','LEFT'}"
2019-11-05 14:56:24.056067176,0.0,0.0,"{'D','W','LCONTROL'}",0.0,0.333,{'LEFT'}
2019-11-05 14:56:24.063210033,0.0,0.0,"{'D','W','LCONTROL','D','W','LCONTROL'}",0.0,0.333,"{'LEFT','LEFT'}"
2019-11-05 14:56:24.070352890,0.0,0.0,"{'D','W','LCONTROL','D','W','LCONTROL'}",0.0,0.167,"{'LEFT','LEFT'}"
2019-11-05 14:56:24.077495747,0.0,0.0,"{'D','W','LCONTROL','D','W','LCONTROL'}",0.0,0.333,"{'LEFT','LEFT'}"
2019-11-05 14:56:24.084638604,0.0,0.0,"{'D','W','LCONTROL'}",0.0,0.333,{'LEFT'}
2019-11-05 14:56:24.091781461,0.0,0.0,"{'D','W','LCONTROL','D','W','LCONTROL'}",0.0,0.333,"{'LEFT','LEFT'}"
2019-11-05 14:56:24.098924318,0.0,0.0,"{'D','W','LCONTROL','D','W','LCONTROL'}",-0.167,0.333,"{'LEFT','LEFT'}"
2019-11-05 14:56:24.106067175,0.0,0.0,"{'D','W','LCONTROL','D','W','LCONTROL'}",-0.167,0.667,"{'LEFT','LEFT'}"
2019-11-05 14:56:24.113210032,0.0,0.0,"{'D','W','LCONTROL'}",-0.2,0.8,"{'LEFT','LEFT'}"
2019-11-05 14:56:24.120352889,0.0,0.0,"{'D','W','LCONTROL','D','W','LCONTROL'}",-0.25,0.75,{'LEFT'}
2019-11-05 14:56:24.127495746,0.0,0.0,"{'D','W','LCONTROL','D','W','LCONTROL'}",-0.167,0.833,"{'LEFT','LEFT'}"
2019-11-05 14:56:24.134638603,0.0,0.0,"{'D','W','LCONTROL','D','W','LCONTROL'}",-0.167,1.0,"{'LEFT','LEFT'}"
2019-11-05 14:56:24.141781460,0.0,0.0,"{'D','W','LCONTROL','D','W','LCONTROL'}",-0.167,1.0,"{'LEFT','LEFT'}"
2019-11-05 14:56:24.148924317,0.0,0.0,"{'D','W','LCONTROL','D','W','LCONTROL'}",0.0,0.833,"{'LEFT','LEFT'}"
2019-11-05 14:56:24.156067174,0.0,0.0,"{'D','W','LCONTROL'}",-0.2,0.2,"{'LEFT','LEFT'}"
2019-11-05 14:56:24.163210031,0.0,0.0,"{'D','W','LCONTROL','D','W','LCONTROL'}",0.0,0.25,{'LEFT'}
2019-11-05 14:56:24.170352888,0.0,0.0,"{'D','W','LCONTROL','D','W','LCONTROL'}",-0.167,0.5,"{'LEFT','LEFT'}"
2019-11-05 14:56:24.177495745,0.0,0.0,"{'D','W','LCONTROL'}",0.0,0.4,"{'LEFT','LEFT'}"
2019-11-05 14:56:24.184638602,0.0,0.0,"{'D','W','LCONTROL','D','W','LCONTROL'}",-0.25,0.25,{'LEFT'}
2019-11-05 14:56:24.191781459,0.0,0.0,"{'D','W','LCONTROL','D','W','LCONTROL'}",0.0,0.0,"{'LEFT','LEFT'}"
2019-11-05 14:56:24.198924316,0.0,0.0,"{'D','W','LCONTROL','D','W','LCONTROL'}",0.0,0.0,"{'LEFT','LEFT'}"
2019-11-05 14:56:24.206067173,0.0,0.0,"{'D','W','LCONTROL','D','W','LCONTROL'}",-0.167,0.0,{}
2019-11-05 14:56:24.213210030,0.0,0.0,"{'D','W','LCONTROL'}",-0.4,0.0,{}
2019-11-05 14:56:24.220352887,0.0,0.0,"{'D','W','LCONTROL','D','W','LCONTROL'}",0.0,0.0,{}
2019-11-05 14:56:24.227495744,0.0,0.0,"{'D','W','LCONTROL','D','W','LCONTROL'}",-0.333,0.0,{}
2019-11-05 14:56:24.234638601,0.0,0.0,"{'D','W','LCONTROL','D','W','LCONTROL'}",-0.333,0.0,{}
2019-11-05 14:56:24.241781458,0.0,0.0,"{'D','W','LCONTROL'}",-0.8,0.0,{}
2019-11-05 14:56:24.248924315,0.0,0.0,"{'D','W','LCONTROL','D','W','LCONTROL'}",-0.5,0.0,{}
2019-11-05 14:56:24.256067172,0.0,0.0,"{'D','W','LCONTROL','D','W','LCONTROL'}",-1.0,0.0,{}
2019-11-05 14:56:24.263210029,0.0,0.0,"{'D','W','LCONTROL','D','W','LCONTROL'}",-0.667,0.0,{}
2019-11-05 14:56:24.270352886,0.0,0.0,"{'D','W','LCONTROL'}",-0.4,-0.2,{}
2019-11-05 14:56:24.277495743,0.0,0.0,"{'D','W','LCONTROL','D','W','LCONTROL'}",-0.5,0.0,{}
2019-11-05 14:56:24.284638600,0.0,0.0,"{'D','W','LCONTROL','D','W','LCONTROL'}",-0.333,-0.167,{}
2019-11-05 14:56:24.291781457,0.0,0.0,"{'D','W','LCONTROL','D','W','LCONTROL'}",-0.333,-0.167,{}
2019-11-05 14:56:24.298924314,0.0,0.0,"{'D','W','LCONTROL','D','W','LCONTROL'}",-0.333,0.0,{}
2019-11-05 14:56:24.306067171,0.0,0.0,"{'D','W','LCONTROL'}",-0.4,-0.2,{}
2019-11-05 14:56:24.313210028,0.0,0.0,"{'D','W','LCONTROL','D','W','LCONTROL'}",-0.25,0.0,{}
2019-11-05 14:56:24.320352885,0.0,0.0,"{'D','W','LCONTROL','D','W','LCONTROL'}",-0.333,0.0,{}
2019-11-05 14:56:24.327495742,0.0,0.0,"{'D','W','LCONTROL','D','W','LCONTROL'}",-0.333,0.0,"{'LEFT','LEFT'}"
2019-11-05 14:56:24.334638599,0.0,0.0,"{'D','W','LCONTROL'}",-0.2,0.0,"{'LEFT','LEFT'}"
2019-11-05 14:56:24.341781456,0.0,0.0,"{'D','W','LCONTROL','D','W','LCONTROL'}",-0.25,0.0,{'LEFT'}
2019-11-05 14:56:24.348924313,0.0,0.0,"{'D','W','LCONTROL','D','W','LCONTROL'}",-0.167,0.333,"{'LEFT','LEFT'}"
2019-11-05 14:56:24.356067170,0.0,0.0,"{'D','W','LCONTROL','D','W','LCONTROL'}",-0.333,0.5,"{'LEFT','LEFT'}"
2019-11-05 14:56:24.363210027,0.0,0.0,"{'D','W','LCONTROL'}",-0.333,0.333,{'LEFT'}
2019-11-05 14:56:24.370352884,0.0,0.0,"{'D','W','LCONTROL','D','W','LCONTROL'}",-0.333,0.333,"{'LEFT','LEFT'}"
2019-11-05 14:56:24.377495741,0.0,0.0,"{'D','W','LCONTROL'}",-1.0,0.6,"{'LEFT','LEFT'}"
2019-11-05 14:56:24.384638598,0.0,0.0,"{'D','W','LCONTROL','D','W','LCONTROL'}",-1.0,0.5,"{'LEFT','LEFT'}"
2019-11-05 14:56:24.391781455,0.0,0.0,"{'D','W','LCONTROL','D','W','LCONTROL'}",-1.0,0.5,{'LEFT'}
2019-11-05 14:56:24.398924312,0.0,0.0,"{'D','W','LCONTROL','D','W','LCONTROL'}",-1.0,0.5,"{'LEFT','LEFT'}"
2019-11-05 14:56:24.406067169,0.0,0.0,"{'D','W','LCONTROL','D','W','LCONTROL'}",-1.0,0.833,"{'LEFT','LEFT'}"
2019-11-05 14:56:24.413210026,0.0,0.0,"{'D','W','LCONTROL'}",-1.2,1.0,"{'LEFT','LEFT'}"
2019-11-05 14:56:24.420352883,0.0,0.0,"{'D','W','LCONTROL','D','W','LCONTROL'}",-0.667,1.0,"{'LEFT','LEFT'}"
2019-11-05 14:56:24.427495740,0.0,0.0,"{'D','W','LCONTROL','D','W','LCONTROL'}",-0.5,0.75,{'LEFT'}
2019-11-05 14:56:24.434638597,0.0,0.0,"{'D','W','LCONTROL','D','W','LCONTROL'}",-0.333,0.833,"{'LEFT','LEFT'}"
2019-11-05 14:56:24.441781454,0.0,0.0,"{'D','W','LCONTROL','D','W','LCONTROL'}",-0.333,0.833,"{'LEFT','LEFT'}"
2019-11-05 14:56:24.448924311,0.0,0.0,"{'D','W','LCONTROL','D','W','LCONTROL'}",-0.167,1.0,"{'LEFT','LEFT'}"
2019-11-05 14:56:24.456067168,0.0,0.0,"{'D','W','LCONTROL'}",0.0,0.8,"{'LEFT','LEFT'}"
2019-11-05 14:56:24.463210025,0.0,0.0,"{'D','W','LCONTROL','D','W','LCONTROL'}",0.0,0.5,"{'LEFT','LEFT'}"
2019-11-05 14:56:24.470352882,0.0,0.0,"{'D','W','LCONTROL','D','W','LCONTROL'}",0.0,0.25,{'LEFT'}
2019-11-05 14:56:24.477495739,0.0,0.0,"{'D','W','LCONTROL','D','W','LCONTROL'}",0.0,0.5,"{'LEFT','LEFT'}"
2019-11-05 14:56:24.484638596,0.0,0.0,"{'D','W','LCONTROL'}",-0.2,0.4,"{'LEFT','LEFT'}"
2019-11-05 14:56:24.491781453,0.0,0.0,"{'D','W','LCONTROL','D','W','LCONTROL'}",0.0,0.333,"{'LEFT','LEFT'}"
2019-11-05 14:56:24.498924310,0.0,0.0,"{'D','W','LCONTROL','D','W','LCONTROL'}",-0.167,0.333,"{'LEFT','LEFT'}"
2019-11-05 14:56:24.506067167,0.0,0.0,"{'D','W','LCONTROL','D','W','LCONTROL'}",0.0,0.25,{'LEFT'}
2019-11-05 14:56:24.513210024,0.0,0.0,"{'D','W','LCONTROL','D','W','LCONTROL'}",0.0,0.333,"{'LEFT','LEFT'}"
2019-11-05 14:56:24.520352881,0.0,0.0,"{'D','W','LCONTROL'}",0.0,0.4,"{'LEFT','LEFT'}"
2019-11-05 14:56:24.527495738,0.0,0.0,"{'D','W','LCONTROL','D','W','LCONTROL'}",-0.167,0.5,"{'LEFT','LEFT'}"
2019-11-05 14:56:24.534638595,0.0,0.0,"{'D','W','LCONTROL','D','W','LCONTROL'}",0.0,0.5,{'LEFT'}
2019-11-05 14:56:24.541781452,0.0,0.0,"{'D','W','LCONTROL','D','W','LCONTROL'}",0.0,0.333,"{'LEFT','LEFT'}"
2019-11-05 14:56:24.548924309,0.0,0.0,"{'D','W','LCONTROL','D','W','LCONTROL'}",0.0,0.5,"{'LEFT','LEFT'}"
2019-11-05 14:56:24.556067166,0.0,0.0,"{'D','W','LCONTROL'}",0.0,0.6,"{'LEFT','LEFT'}"
2019-11-05 14:56:24.563210023,0.0,0.0,"{'D','W','LCONTROL','D','W','LCONTROL'}",0.0,0.333,"{'LEFT','LEFT'}"
2019-11-05 14:56:24.570352880,0.0,0.0,"{'D','W','LCONTROL','D','W','LCONTROL'}",0.0,0.5,{'LEFT'}
2019-11-05 14:56:24.577495737,0.0,0.0,"{'D','W','LCONTROL','D','W','LCONTROL'}",0.0,0.333,"{'LEFT','LEFT'}"
2019-11-05 14:56:24.584638594,0.0,0.0,"{'D','W','LCONTROL'}",0.0,0.6,"{'LEFT','LEFT'}"
2019-11-05 14:56:24.591781451,0.0,0.0,"{'D','W','LCONTROL','D','W','LCONTROL'}",0.0,0.5,"{'LEFT','LEFT'}"
2019-11-05 14:56:24.598924308,0.0,0.0,"{'D','W','LCONTROL','D','W','LCONTROL'}",0.0,0.333,"{'LEFT','LEFT'}"
2019-11-05 14:56:24.606067165,0.0,0.0,"{'D','W','LCONTROL','D','W','LCONTROL'}",0.0,0.5,{'LEFT'}
2019-11-05 14:56:24.613210022,0.0,0.0,"{'D','W','LCONTROL','D','W','LCONTROL'}",0.0,0.5,"{'LEFT','LEFT'}"
2019-11-05 14:56:24.620352879,0.0,0.0,"{'D','W','LCONTROL'}",0.0,0.6,"{'LEFT','LEFT'}"
2019-11-05 14:56:24.627495736,0.0,0.0,"{'D','W','LCONTROL'}",-0.333,0.667,{'LEFT'}
2019-11-05 14:56:24.634638593,0.0,0.0,"{'D','W','LCONTROL','D','W','LCONTROL'}",0.0,0.333,"{'LEFT','LEFT'}"
2019-11-05 14:56:24.641781450,0.0,0.0,"{'D','W','LCONTROL','D','W','LCONTROL'}",0.0,0.5,"{'LEFT','LEFT'}"
2019-11-05 14:56:24.648924307,0.0,0.0,"{'D','W','LCONTROL','D','W','LCONTROL'}",-0.167,0.333,"{'LEFT','LEFT'}"
2019-11-05 14:56:24.656067164,0.0,0.0,"{'D','W','LCONTROL','D','W','LCONTROL'}",0.0,0.0,{'LEFT'}
2019-11-05 14:56:24.663210021,0.0,0.0,"{'D','W','LCONTROL'}",0.0,0.4,"{'LEFT','LEFT'}"
2019-11-05 14:56:24.670352878,0.0,0.0,"{'D','W','LCONTROL','D','W','LCONTROL'}",0.0,0.167,"{'LEFT','LEFT'}"
2019-11-05 14:56:24.677495735,0.0,0.0,"{'D','W','LCONTROL','D','W','LCONTROL'}",0.0,0.0,{'LEFT'}
2019-11-05 14:56:24.684638592,0.0,0.0,"{'D','W','LCONTROL','D','W','LCONTROL'}",0.0,0.167,"{'LEFT','LEFT'}"
2019-11-05 14:56:24.691781449,0.0,0.0,"{'D','W','LCONTROL'}",0.0,0.2,"{'LEFT','LEFT'}"
2019-11-05 14:56:24.698924306,0.0,0.0,"{'D','W','LCONTROL','D','W','LCONTROL'}",0.0,0.0,"{'LEFT','LEFT'}"
2019-11-05 14:56:24.706067163,0.0,0.0,"{'D','W','LCONTROL','D','W','LCONTROL'}",0.0,0.333,"{'LEFT','LEFT'}"
2019-11-05 14:56:24.713210020,0.0,0.0,"{'D','W','LCONTROL','D','W','LCONTROL'}",0.0,0.0,{'LEFT'}
2019-11-05 14:56:24.720352877,0.0,0.0,"{'D','W','LCONTROL','D','W','LCONTROL'}",0.0,0.167,"{'LEFT','LEFT'}"
2019-11-05 14:56:24.727495734,0.0,0.0,"{'D','W','LCONTROL'}",0.0,0.2,"{'LEFT','LEFT'}"
2019-11-05 14:56:24.734638591,0.0,0.0,"{'D','W','LCONTROL','D','W','LCONTROL'}",0.0,0.0,"{'LEFT','LEFT'}"
2019-11-05 14:56:24.741781448,0.0,0.0,"{'D','W','LCONTROL','D','W','LCONTROL'}",0.0,0.25,{'LEFT'}
2019-11-05 14:56:24.748924305,0.0,0.0,"{'D','W','LCONTROL','D','W','LCONTROL'}",0.0,0.0,"{'LEFT','LEFT'}"
2019-11-05 14:56:24.756067162,0.0,0.0,"{'D','W','LCONTROL','D','W','LCONTROL'}",0.0,0.0,"{'LEFT','LEFT'}"
2019-11-05 14:56:24.763210019,0.0,0.0,"{'D','W','LCONTROL','D','W','LCONTROL'}",0.0,0.0,"{'LEFT','LEFT'}"
2019-11-05 14:56:24.770352876,0.0,0.0,"{'D','W','LCONTROL'}",0.4,0.2,"{'LEFT','LEFT'}"
2019-11-05 14:56:24.777495733,0.0,0.0,"{'D','W','LCONTROL','D','W','LCONTROL'}",0.333,0.167,"{'LEFT','LEFT'}"
2019-11-05 14:56:24.784638590,0.0,0.0,"{'D','W','LCONTROL','D','W','LCONTROL'}",0.5,0.0,{'LEFT'}
2019-11-05 14:56:24.791781447,0.0,0.0,"{'D','W','LCONTROL','D','W','LCONTROL'}",0.333,0.0,"{'LEFT','LEFT'}"
2019-11-05 14:56:24.798924304,0.0,0.0,"{'D','W','LCONTROL','D','W','LCONTROL'}",0.5,0.167,"{'LEFT','LEFT'}"
2019-11-05 14:56:24.806067161,0.0,0.0,"{'D','W','LCONTROL'}",0.6,0.2,"{'LEFT','LEFT'}"
2019-11-05 14:56:24.813210018,0.0,0.0,"{'D','W','LCONTROL','D','W','LCONTROL'}",0.5,0.0,"{'LEFT','LEFT'}"
2019-11-05 14:56:24.820352875,0.0,0.0,"{'D','W','LCONTROL','D','W','LCONTROL'}",0.5,0.0,{'LEFT'}
2019-11-05 14:56:24.827495732,0.0,0.0,"{'D','W','LCONTROL','D','W','LCONTROL'}",0.667,0.0,"{'LEFT','LEFT'}"
2019-11-05 14:56:24.834638589,0.0,0.0,"{'D','W','LCONTROL'}",1.0,0.0,"{'LEFT','LEFT'}"
2019-11-05 14:56:24.841781446,0.0,0.0,"{'D','W','LCONTROL','D','W','LCONTROL'}",0.25,0.0,{'LEFT'}
2019-11-05 14:56:24.848924303,0.0,0.0,"{'D','W','LCONTROL','D','W','LCONTROL'}",0.5,0.0,"{'LEFT','LEFT'}"
2019-11-05 14:56:24.856067160,0.0,0.0,"{'D','W','LCONTROL','D','W','LCONTROL'}",0.167,0.0,"{'LEFT','LEFT'}"
2019-11-05 14:56:24.863210017,0.0,0.0,"{'D','W','LCONTROL'}",0.0,0.2,"{'LEFT','LEFT'}"
2019-11-05 14:56:24.870352874,0.0,0.0,"{'D','W','LCONTROL','D','W','LCONTROL'}",0.0,0.0,{'LEFT'}
2019-11-05 14:56:24.877495731,0.0,0.0,"{'D','W','LCONTROL','D','W','LCONTROL'}",0.0,0.0,"{'LEFT','LEFT'}"
2019-11-05 14:56:24.884638588,0.0,0.0,"{'D','W','LCONTROL'}",0.0,0.0,"{'LEFT','LEFT'}"
2019-11-05 14:56:24.891781445,0.0,0.0,"{'D','W','LCONTROL','D','W','LCONTROL'}",0.0,0.167,"{'LEFT','LEFT'}"
2019-11-05 14:56:24.898924302,0.0,0.0,"{'D','W','LCONTROL','D','W','LCONTROL'}",0.0,0.167,"{'LEFT','LEFT'}"
2019-11-05 14:56:24.906067159,0.0,0.0,"{'D','W','LCONTROL','D','W','LCONTROL'}",-0.25,0.25,{'LEFT'}
2019-11-05 14:56:24.913210016,0.0,0.0,"{'D','W','LCONTROL','D','W','LCONTROL'}",-0.167,0.333,"{'LEFT','LEFT'}"
2019-11-05 14:56:24.920352873,0.0,0.0,"{'D','W','LCONTROL'}",-0.4,0.4,"{'LEFT','LEFT'}"
2019-11-05 14:56:24.927495730,0.0,0.0,"{'D','W','LCONTROL','D','W','LCONTROL'}",-0.5,0.5,"{'LEFT','LEFT'}"
2019-11-05 14:56:24.934638587,0.0,0.0,"{'D','W','LCONTROL','D','W','LCONTROL'}",-1.0,1.0,{'LEFT'}
2019-11-05 14:56:24.941781444,0.0,0.0,"{'D','W','LCONTROL','D','W','LCONTROL'}",-0.5,0.667,"{'LEFT','LEFT'}"
2019-11-05 14:56:24.948924301,0.0,0.0,"{'D','W','LCONTROL','D','W','LCONTROL'}",-1.167,1.333,"{'LEFT','LEFT'}"
2019-11-05 14:56:24.956067158,0.0,0.0,"{'D','W','LCONTROL'}",-1.4,1.8,"{'LEFT','LEFT'}"
2019-11-05 14:56:24.963210015,0.0,0.0,"{'D','W','LCONTROL','D','W','LCONTROL'}",-0.833,1.0,"{'LEFT','LEFT'}"
2019-11-05 14:56:24.970352872,0.0,0.0,"{'D','W','LCONTROL','D','W','LCONTROL'}",-0.5,0.75,{'LEFT'}
2019-11-05 14:56:24.977495729,0.0,0.0,"{'D','W','LCONTROL','D','W','LCONTROL'}",-1.0,1.0,"{'LEFT','LEFT'}"
2019-11-05 14:56:24.984638586,0.0,0.0,"{'D','W','LCONTROL'}",-0.2,0.4,"{'LEFT','LEFT'}"
2019-11-05 14:56:24.991781443,0.0,0.0,"{'D','W','LCONTROL','D','W','LCONTROL'}",-0.833,1.0,"{'LEFT','LEFT'}"
2019-11-05 14:56:24.998924300,0.0,0.0,"{'D','W','LCONTROL','D','W','LCONTROL'}",-0.833,1.0,"{'LEFT','LEFT'}"
2019-11-05 14:56:25.006067157,0.0,0.0,"{'D','W','LCONTROL','D','W','LCONTROL'}",-0.75,0.5,{'LEFT'}
2019-11-05 14:56:25.013210014,0.0,0.0,"{'D','W','LCONTROL','D','W','LCONTROL'}",-0.833,1.0,"{'LEFT','LEFT'}"
2019-11-05 14:56:25.020352871,0.0,0.0,"{'D','W','LCONTROL'}",-1.0,1.0,"{'LEFT','LEFT'}"
2019-11-05 14:56:25.027495728,0.0,0.0,"{'D','W','LCONTROL','D','W','LCONTROL'}",-0.833,0.833,"{'LEFT','LEFT'}"
2019-11-05 14:56:25.034638585,0.0,0.0,"{'D','W','LCONTROL','D','W','LCONTROL'}",-0.5,0.5,{'LEFT'}
2019-11-05 14:56:25.041781442,0.0,0.0,"{'D','W','LCONTROL','D','W','LCONTROL'}",-0.667,0.833,"{'LEFT','LEFT'}"
2019-11-05 14:56:25.048924299,0.0,0.0,"{'D','W','LCONTROL','D','W','LCONTROL'}",-0.667,0.667,"{'LEFT','LEFT'}"
2019-11-05 14:56:25.056067156,0.0,0.0,"{'D','W','LCONTROL'}",-0.4,0.6,"{'LEFT','LEFT'}"
2019-11-05 14:56:25.063210013,0.0,0.0,"{'D','W','LCONTROL','D','W','LCONTROL'}",-0.333,0.333,"{'LEFT','LEFT'}"
2019-11-05 14:56:25.070352870,0.0,0.0,"{'D','W','LCONTROL','D','W','LCONTROL'}",-0.5,0.75,{'LEFT'}
2019-11-05 14:56:25.077495727,0.0,0.0,"{'D','W','LCONTROL'}",-0.4,0.4,"{'LEFT','LEFT'}"
2019-11-05 14:56:25.084638584,0.0,0.0,"{'D','W','LCONTROL','D','W','LCONTROL'}",0.0,0.167,"{'LEFT','LEFT'}"
2019-11-05 14:56:25.091781441,0.0,0.0,"{'D','W','LCONTROL','D','W','LCONTROL'}",-0.25,0.0,{'LEFT'}
2019-11-05 14:56:25.098924298,0.0,0.0,"{'D','W','LCONTROL'}",0.0,0.2,"{'LEFT','LEFT'}"
2019-11-05 14:56:25.106067155,0.0,0.0,"{'D','W','LCONTROL','D','W','LCONTROL'}",-0.167,0.167,"{'LEFT','LEFT'}"
2019-11-05 14:56:25.113210012,0.0,0.0,"{'D','W','LCONTROL','D','W','LCONTROL'}",0.0,0.167,"{'LEFT','LEFT'}"
2019-11-05 14:56:25.120352869,0.0,0.0,"{'D','W','LCONTROL'}",0.0,0.0,{'LEFT'}
2019-11-05 14:56:25.127495726,0.0,0.0,"{'D','W','LCONTROL','D','W','LCONTROL'}",-0.167,0.0,"{'LEFT','LEFT'}"
2019-11-05 14:56:25.134638583,0.0,0.0,"{'D','W','LCONTROL','D','W','LCONTROL'}",0.0,0.167,"{'LEFT','LEFT'}"
2019-11-05 14:56:25.141781440,0.0,0.0,"{'D','W','LCONTROL','D','W','LCONTROL'}",0.0,0.0,"{'LEFT','LEFT'}"
2019-11-05 14:56:25.148924297,0.0,0.0,"{'D','W','LCONTROL','D','W','LCONTROL'}",0.0,0.0,"{'LEFT','LEFT'}"
2019-11-05 14:56:25.156067154,0.0,0.0,"{'D','W','LCONTROL'}",0.0,0.0,{'LEFT'}
2019-11-05 14:56:25.163210011,0.0,0.0,"{'D','W','LCONTROL','D','W','LCONTROL'}",0.0,0.0,"{'LEFT','LEFT'}"
2019-11-05 14:56:25.170352868,0.0,0.0,"{'D','W','LCONTROL','D','W','LCONTROL'}",0.0,0.0,"{'LEFT','LEFT'}"
2019-11-05 14:56:25.177495725,0.0,0.0,"{'D','W','LCONTROL','D','W','LCONTROL'}",0.0,0.0,"{'LEFT','LEFT'}"
2019-11-05 14:56:25.184638582,0.0,0.0,"{'D','W','LCONTROL'}",0.0,0.0,{'LEFT'}
2019-11-05 14:56:25.191781439,0.0,0.0,"{'D','W','LCONTROL','D','W','LCONTROL'}",0.0,0.0,"{'LEFT','LEFT'}"
2019-11-05 14:56:25.198924296,0.0,0.0,"{'D','W','LCONTROL','D','W','LCONTROL'}",0.0,0.0,"{'LEFT','LEFT'}"
2019-11-05 14:56:25.206067153,0.0,0.0,"{'D','W','LCONTROL','D','W','LCONTROL'}",0.0,0.0,"{'LEFT','LEFT'}"
2019-11-05 14:56:25.213210010,0.0,0.0,"{'D','W','LCONTROL','D','W','LCONTROL'}",0.0,0.0,"{'LEFT','LEFT'}"
2019-11-05 14:56:25.220352867,0.0,0.0,"{'D','W','LCONTROL'}",0.0,0.0,{'LEFT'}
2019-11-05 14:56:25.227495724,0.0,0.0,"{'D','W','LCONTROL','D','W','LCONTROL'}",0.0,0.0,"{'LEFT','LEFT'}"
2019-11-05 14:56:25.234638581,0.0,0.0,"{'D','W','LCONTROL','D','W','LCONTROL'}",0.0,0.0,"{'LEFT','LEFT'}"
2019-11-05 14:56:25.241781438,0.0,0.0,"{'D','W','LCONTROL'}",0.0,0.0,"{'LEFT','LEFT'}"
2019-11-05 14:56:25.248924295,0.0,0.0,"{'D','W','LCONTROL','D','W'}",0.2,-0.6,{'LEFT'}
2019-11-05 14:56:25.256067152,0.0,0.0,"{'D','W','D','W'}",0.0,-0.5,"{'LEFT','LEFT'}"
2019-11-05 14:56:25.263210009,0.0,0.0,"{'D','W','D','W'}",-0.2,-0.4,"{'LEFT','LEFT'}"
2019-11-05 14:56:25.270352866,0.0,0.0,{'W'},-1.25,-1.0,{}
2019-11-05 14:56:25.277495723,0.0,0.0,"{'W','W'}",-1.5,-0.667,{}
2019-11-05 14:56:25.284638580,0.0,0.0,"{'W','W'}",-1.6,-0.6,{}
2019-11-05 14:56:25.291781437,0.0,0.0,{'W'},-1.2,-0.4,{}
2019-11-05 14:56:25.298924294,0.0,0.0,"{'W','W','W'}",0.0,0.0,{}
2019-11-05 14:56:25.306067151,0.0,0.0,{'W'},0.0,0.0,{}
2019-11-05 14:56:25.313210008,0.0,0.0,"{'W','W'}",0.0,0.0,{}
2019-11-05 14:56:25.320352865,0.0,0.0,{'W'},0.0,0.0,{}
2019-11-05 14:56:25.327495722,0.0,0.0,"{'W','W'}",0.0,0.0,{}
2019-11-05 14:56:25.334638579,0.0,0.0,"{'W','W'}",0.0,0.0,{}
2019-11-05 14:56:25.341781436,0.0,0.0,"{'W','W'}",0.0,0.0,{}
2019-11-05 14:56:25.348924293,0.0,0.0,"{'W','W'}",0.0,0.0,{}
2019-11-05 14:56:25.356067150,0.0,0.0,"{'W','W'}",0.0,0.0,{}
2019-11-05 14:56:25.363210007,0.0,0.0,{'W'},0.0,0.0,{}
2019-11-05 14:56:25.370352864,0.0,0.0,"{'W','W'}",0.0,0.0,{}
2019-11-05 14:56:25.377495721,0.0,0.0,"{'W','W'}",0.0,0.0,{}
2019-11-05 14:56:25.384638578,0.0,0.0,{'W'},0.0,0.0,{}
2019-11-05 14:56:25.391781435,0.0,0.0,"{'W','W'}",0.0,0.0,{}
2019-11-05 14:56:25.398924292,0.0,0.0,"{'W','W'}",0.0,0.0,{}
2019-11-05 14:56:25.406067149,0.0,0.0,"{'W','W'}",0.0,0.0,{}
2019-11-05 14:56:25.413210006,0.0,0.0,"{'W','W'}",0.0,0.0,{}
2019-11-05 14:56:25.420352863,0.0,0.0,{'W'},0.0,0.0,{}
2019-11-05 14:56:25.427495720,0.0,0.0,"{'W','W'}",0.0,0.0,{}
2019-11-05 14:56:25.434638577,0.0,0.0,"{'W','W'}",0.0,0.0,{}
2019-11-05 14:56:25.441781434,0.0,0.0,{'W'},0.0,0.0,{}
2019-11-05 14:56:25.448924291,0.0,0.0,"{'W','W'}",0.0,0.0,{}
2019-11-05 14:56:25.456067148,0.0,0.0,"{'W','W'}",0.0,0.0,{}
2019-11-05 14:56:25.463210005,0.0,0.0,"{'W','W'}",0.0,0.0,{}
2019-11-05 14:56:25.470352862,0.0,0.0,{'W'},0.0,0.0,{}
2019-11-05 14:56:25.477495719,0.0,0.0,"{'W','W'}",0.0,0.0,{}
2019-11-05 14:56:25.484638576,0.0,0.0,"{'W','W'}",0.0,0.0,{}
2019-11-05 14:56:25.491781433,0.0,0.0,"{'W','W'}",0.0,0.0,{}
2019-11-05 14:56:25.498924290,0.0,0.0,"{'W','W'}",0.0,0.0,{}
2019-11-05 14:56:25.506067147,0.0,0.0,{'W'},0.0,0.0,{}
2019-11-05 14:56:25.513210004,0.0,0.0,"{'W','W'}",0.0,0.0,{}
2019-11-05 14:56:25.520352861,0.0,0.0,{'W'},0.0,0.0,{}
2019-11-05 14:56:25.527495718,0.0,0.0,"{'W','W'}",0.0,0.0,{}
2019-11-05 14:56:25.534638575,0.0,0.0,"{'W','W'}",0.0,0.0,{}
2019-11-05 14:56:25.541781432,0.0,0.0,"{'W','W'}",0.0,0.0,{}
2019-11-05 14:56:25.548924289,0.0,0.0,"{'W','W'}",0.0,0.0,{}
2019-11-05 14:56:25.556067146,0.0,0.0,{'W'},0.0,0.0,{}
2019-11-05 14:56:25.563210003,0.0,0.0,{'W'},0.0,0.0,{}
2019-11-05 14:56:25.570352860,0.0,0.0,"{'W','W'}",0.0,0.0,{}
2019-11-05 14:56:25.577495717,0.0,0.0,"{'W','W'}",0.0,0.0,{}
2019-11-05 14:56:25.584638574,0.0,0.0,"{'W','W'}",0.0,0.0,{}
2019-11-05 14:56:25.591781431,0.0,0.0,{'W'},0.0,0.0,{}
2019-11-05 14:56:25.598924288,0.0,0.0,"{'W','W','W'}",0.0,0.0,{}
2019-11-05 14:56:25.606067145,0.0,0.0,{'W'},0.0,0.0,{}
2019-11-05 14:56:25.613210002,0.0,0.0,"{'W','W'}",0.0,0.0,{}
2019-11-05 14:56:25.620352859,0.0,0.0,"{'W','W'}",0.0,0.0,{}
2019-11-05 14:56:25.627495716,0.0,0.0,{'W'},0.0,0.0,{}
2019-11-05 14:56:25.634638573,0.0,0.0,"{'W','W'}",0.0,0.0,{}
2019-11-05 14:56:25.641781430,0.0,0.0,"{'W','W'}",0.0,0.0,{}
2019-11-05 14:56:25.648924287,0.0,0.0,"{'W','W'}",0.0,0.0,{}
2019-11-05 14:56:25.656067144,0.0,0.0,"{'W','W'}",0.0,0.0,{}
2019-11-05 14:56:25.663210001,0.0,0.0,{'W'},0.0,0.0,{}
2019-11-05 14:56:25.670352858,0.0,0.0,"{'W','W'}",0.0,0.0,{}
2019-11-05 14:56:25.677495715,0.0,0.0,"{'W','W'}",0.0,0.0,{}
2019-11-05 14:56:25.684638572,0.0,0.0,"{'W','W'}",0.0,0.0,{}
2019-11-05 14:56:25.691781429,0.0,0.0,{'W'},0.0,0.0,{}
2019-11-05 14:56:25.698924286,0.0,0.0,"{'W','W'}",-0.167,-0.667,{}
2019-11-05 14:56:25.706067143,0.0,0.0,"{'W','W'}",-0.333,-0.667,{}
2019-11-05 14:56:25.713210000,0.0,0.0,"{'W','W'}",0.167,-0.5,{}
2019-11-05 14:56:25.720352857,0.0,0.0,{'W'},0.333,-0.333,{}
2019-11-05 14:56:25.727495714,0.0,0.0,"{'W','W'}",0.0,0.0,{}
2019-11-05 14:56:25.734638571,0.0,0.0,"{'W','W'}",0.167,-0.167,{}
2019-11-05 14:56:25.741781428,0.0,0.0,"{'W','W'}",0.333,-0.167,{}
2019-11-05 14:56:25.748924285,0.0,0.0,"{'W','W'}",0.167,-0.167,{}
2019-11-05 14:56:25.756067142,0.0,0.0,{'W'},0.0,0.0,{}
2019-11-05 14:56:25.763209999,0.0,0.0,"{'W','W'}",0.167,-0.167,{}
2019-11-05 14:56:25.770352856,0.0,0.0,"{'W','W'}",0.0,0.0,{}
2019-11-05 14:56:25.777495713,0.0,0.0,{'W'},0.0,-0.333,{}
2019-11-05 14:56:25.784638570,0.0,0.0,"{'W','W'}",0.0,0.0,{}
2019-11-05 14:56:25.791781427,0.0,0.0,"{'W','W'}",0.0,0.0,{}
2019-11-05 14:56:25.798924284,0.0,0.0,"{'W','W'}",0.0,0.0,{}
2019-11-05 14:56:25.806067141,0.0,0.0,"{'W','W'}",0.0,0.0,{}
2019-11-05 14:56:25.813209998,0.0,0.0,{'W'},0.0,0.0,{}
2019-11-05 14:56:25.820352855,0.0,0.0,"{'W','W'}",0.0,0.0,{}
2019-11-05 14:56:25.827495712,0.0,0.0,"{'W','W'}",0.167,0.0,{}
2019-11-05 14:56:25.834638569,0.0,0.0,{'W'},0.0,0.0,{}
2019-11-05 14:56:25.841781426,0.0,0.0,"{'W','W'}",0.0,-0.167,{}
2019-11-05 14:56:25.848924283,0.0,0.0,"{'W','W'}",0.0,0.0,{}
2019-11-05 14:56:25.856067140,0.0,0.0,"{'W','W'}",0.0,0.0,{}
2019-11-05 14:56:25.863209997,0.0,0.0,"{'W','W'}",0.167,0.0,{}
2019-11-05 14:56:25.870352854,0.0,0.0,{'W'},0.333,0.0,{}
2019-11-05 14:56:25.877495711,0.0,0.0,"{'W','W'}",0.0,0.0,{}
2019-11-05 14:56:25.884638568,0.0,0.0,{'W'},0.25,0.0,{}
2019-11-05 14:56:25.891781425,0.0,0.0,"{'W','W'}",0.0,0.0,{}
2019-11-05 14:56:25.898924282,0.0,0.0,"{'W','W'}",0.0,0.0,{}
2019-11-05 14:56:25.906067139,0.0,0.0,"{'W','W'}",0.0,0.0,{}
2019-11-05 14:56:25.913209996,0.0,0.0,"{'W','W'}",0.0,0.0,{}
2019-11-05 14:56:25.920352853,0.0,0.0,{'W'},0.0,0.0,{}
2019-11-05 14:56:25.927495710,0.0,0.0,"{'W','W'}",0.0,0.0,{}
2019-11-05 14:56:25.934638567,0.0,0.0,"{'W','W'}",0.0,0.0,{}
2019-11-05 14:56:25.941781424,0.0,0.0,"{'W','W'}",0.0,0.0,{}
2019-11-05 14:56:25.948924281,0.0,0.0,"{'W','W'}",0.0,0.0,{}
2019-11-05 14:56:25.956067138,0.0,0.0,{'W'},0.0,0.0,{}
2019-11-05 14:56:25.963209995,0.0,0.0,"{'W','W'}",0.0,0.0,{}
2019-11-05 14:56:25.970352852,0.0,0.0,"{'W','W'}",0.0,0.0,{}
2019-11-05 14:56:25.977495709,0.0,0.0,"{'W','W'}",0.0,0.0,{}
2019-11-05 14:56:25.984638566,0.0,0.0,{'W'},0.0,0.0,{}
2019-11-05 14:56:25.991781423,0.0,0.0,"{'W','W'}",0.0,0.0,{}
2019-11-05 14:56:25.998924280,0.0,0.0,"{'W','W'}",0.0,0.0,{}
2019-11-05 14:56:26.006067137,0.0,0.0,"{'W','W'}",0.0,0.0,{}
2019-11-05 14:56:26.013209994,0.0,0.0,"{'W','W'}",0.0,0.0,{}
2019-11-05 14:56:26.020352851,0.0,0.0,"{'W','W'}",0.0,0.0,{}
2019-11-05 14:56:26.027495708,0.0,0.0,{'W'},0.0,0.0,{}
2019-11-05 14:56:26.034638565,0.0,0.0,"{'W','W'}",0.0,0.0,{}
2019-11-05 14:56:26.041781422,0.0,0.0,"{'W','W'}",0.0,0.0,{}
2019-11-05 14:56:26.048924279,0.0,0.0,"{'W','W'}",0.0,0.0,{}
2019-11-05 14:56:26.056067136,0.0,0.0,{'W'},0.0,0.0,{}
2019-11-05 14:56:26.063209993,0.0,0.0,"{'W','W'}",0.0,0.0,{}
2019-11-05 14:56:26.070352850,0.0,0.0,{'W'},0.0,0.0,{}
2019-11-05 14:56:26.077495707,0.0,0.0,{},0.0,0.0,{}
2019-11-05 14:56:26.084638564,0.0,0.0,{},0.0,0.0,{}
2019-11-05 14:56:26.091781421,0.0,0.0,{},0.0,0.0,{}
2019-11-05 14:56:26.098924278,0.0,0.0,{},0.0,0.0,{}
2019-11-05 14:56:26.106067135,0.0,0.0,{},0.0,0.0,{}
2019-11-05 14:56:26.113209992,0.0,0.0,{},0.0,0.0,{}
2019-11-05 14:56:26.120352849,0.0,0.0,{},0.0,0.0,{}
2019-11-05 14:56:26.127495706,0.0,0.0,{},0.0,0.0,{}
2019-11-05 14:56:26.134638563,0.0,0.0,{'D'},0.0,0.0,{}
2019-11-05 14:56:26.141781420,0.0,0.0,{'D'},0.0,0.0,{}
2019-11-05 14:56:26.148924277,0.0,0.0,"{'D','D'}",0.0,0.0,{}
2019-11-05 14:56:26.156067134,0.0,0.0,"{'D','D'}",0.0,0.0,{}
2019-11-05 14:56:26.163209991,0.0,0.0,"{'D','D'}",0.0,0.0,{}
2019-11-05 14:56:26.170352848,0.0,0.0,{'D'},0.0,0.0,{}
2019-11-05 14:56:26.177495705,0.0,0.0,"{'D','D'}",0.0,0.0,{}
2019-11-05 14:56:26.184638562,0.0,0.0,"{'D','D'}",0.0,0.0,{}
2019-11-05 14:56:26.191781419,0.0,0.0,"{'D','D'}",0.0,0.0,{}
2019-11-05 14:56:26.198924276,0.0,0.0,"{'D','D'}",0.0,0.0,{}
2019-11-05 14:56:26.206067133,0.0,0.0,{'D'},0.0,0.0,{}
2019-11-05 14:56:26.213209990,0.0,0.0,"{'D','D'}",0.0,0.0,{}
2019-11-05 14:56:26.220352847,0.0,0.0,"{'D','D'}",0.0,0.0,{}
2019-11-05 14:56:26.227495704,0.0,0.0,{'D'},0.0,0.0,{}
2019-11-05 14:56:26.234638561,0.0,0.0,"{'D','D'}",0.0,0.0,{}
2019-11-05 14:56:26.241781418,0.0,0.0,"{'D','D'}",0.0,0.0,{}
2019-11-05 14:56:26.248924275,0.0,0.0,"{'D','D'}",0.0,0.0,{}
2019-11-05 14:56:26.256067132,0.0,0.0,{'D'},0.0,0.0,{}
2019-11-05 14:56:26.263209989,0.0,0.0,"{'D','D'}",0.0,0.0,{}
2019-11-05 14:56:26.270352846,0.0,0.0,{},0.0,0.0,{}
2019-11-05 14:56:26.277495703,0.0,0.0,{},0.0,0.0,{}
2019-11-05 14:56:26.284638560,0.0,0.0,{},0.0,0.0,{}
2019-11-05 14:56:26.291781417,0.0,0.0,{},-1.0,0.333,{}
2019-11-05 14:56:26.298924274,0.0,0.0,{'W'},-2.167,0.667,{}
2019-11-05 14:56:26.306067131,0.0,0.0,{'W'},-3.0,1.0,{}
2019-11-05 14:56:26.313209988,0.0,0.0,"{'W','A','W'}",-4.333,1.167,{}
2019-11-05 14:56:26.320352845,0.0,0.0,"{'A','W','A','W'}",-12.0,3.0,{}
2019-11-05 14:56:26.327495702,0.0,0.0,"{'A','W'}",-9.333,2.0,{}
2019-11-05 14:56:26.334638559,0.0,0.0,"{'A','W','A','W'}",-13.333,2.667,{}
2019-11-05 14:56:26.341781416,0.0,0.0,"{'A','W','A','W'}",-13.0,2.167,{}
2019-11-05 14:56:26.348924273,0.0,0.0,"{'A','W'}",-16.667,2.667,{}
2019-11-05 14:56:26.356067130,0.0,0.0,"{'A','W','A','W'}",-22.0,2.833,{}
2019-11-05 14:56:26.363209987,0.0,0.0,"{'A','W','A','W'}",-20.333,2.0,{}
2019-11-05 14:56:26.370352844,0.0,0.0,"{'A','W','A','W'}",-21.5,1.833,{}
2019-11-05 14:56:26.377495701,0.0,0.0,"{'A','W'}",-21.0,1.667,{}
2019-11-05 14:56:26.384638558,0.0,0.0,"{'A','W','A','W'}",-23.667,1.5,{}
2019-11-05 14:56:26.391781415,0.0,0.0,"{'A','W','A','W'}",-20.333,0.667,{}
2019-11-05 14:56:26.398924272,0.0,0.0,"{'A','W','A','W'}",-18.667,0.5,{}
2019-11-05 14:56:26.406067129,0.0,0.0,"{'A','W','A','W'}",-10.4,0.0,{}
2019-11-05 14:56:26.413209986,0.0,0.0,"{'A','W'}",-23.75,0.25,{}
2019-11-05 14:56:26.420352843,0.0,0.0,"{'W','W'}",-14.333,0.0,{}
2019-11-05 14:56:26.427495700,0.0,0.0,"{'W','W'}",-12.333,-0.333,{}
2019-11-05 14:56:26.434638557,0.0,0.0,"{'W','W'}",1.0,0.0,{}
2019-11-05 14:56:26.441781414,0.0,0.0,"{'D','W'}",-14.0,-1.0,{}
2019-11-05 14:56:26.448924271,0.0,0.0,"{'D','W','D','W'}",-7.5,-0.667,{}
2019-11-05 14:56:26.456067128,0.0,0.0,"{'D','W','D','W'}",-5.5,-0.833,{}
2019-11-05 14:56:26.463209985,0.0,0.0,"{'D','W','D','W'}",-3.5,-0.667,{}
2019-11-05 14:56:26.470352842,0.0,0.0,"{'D','W','D','W'}",-1.4,-0.4,{}
2019-11-05 14:56:26.477495699,0.0,0.0,"{'D','W'}",-1.25,-0.75,{}
2019-11-05 14:56:26.484638556,0.0,0.0,"{'D','W','D','W'}",0.333,-0.167,{}
2019-11-05 14:56:26.491781413,0.0,0.0,"{'D','W','D','W'}",1.0,-0.4,{}
2019-11-05 14:56:26.498924270,0.0,0.0,"{'D','W'}",2.75,-0.75,{}
2019-11-05 14:56:26.506067127,0.0,0.0,"{'D','W','D','W'}",4.0,-0.5,{}
2019-11-05 14:56:26.513209984,0.0,0.0,"{'D','W','D','W'}",4.5,-0.333,{}
2019-11-05 14:56:26.520352841,0.0,0.0,"{'D','W','D','W'}",7.0,-0.167,{}
2019-11-05 14:56:26.527495698,0.0,0.0,"{'D','W'}",8.333,0.0,{}
2019-11-05 14:56:26.534638555,0.0,0.0,"{'D','W','D','W'}",10.167,0.167,{}
2019-11-05 14:56:26.541781412,0.0,0.0,"{'D','W','D','W'}",12.833,0.833,{}
2019-11-05 14:56:26.548924269,0.0,0.0,"{'D','W','D','W'}",15.333,1.0,{}
2019-11-05 14:56:26.556067126,0.0,0.0,"{'D','W','D','W'}",18.167,1.5,{}
2019-11-05 14:56:26.563209983,0.0,0.0,"{'D','W'}",20.667,1.667,{}
2019-11-05 14:56:26.570352840,0.0,0.0,"{'D','W','D','W'}",29.667,2.667,{}
2019-11-05 14:56:26.577495697,0.0,0.0,"{'D','W','D','W'}",14.75,1.0,{}
2019-11-05 14:56:26.584638554,0.0,0.0,"{'D','W'}",36.2,2.8,{}
2019-11-05 14:56:26.591781411,0.0,0.0,"{'D','W','D','W'}",28.333,1.667,{}
2019-11-05 14:56:26.598924268,0.0,0.0,"{'D','W','D','W'}",36.333,2.0,{}
2019-11-05 14:56:26.606067125,0.0,0.0,"{'D','W','D','W'}",38.5,1.5,{}
2019-11-05 14:56:26.613209982,0.0,0.0,"{'D','W','D','W'}",41.5,1.167,{}
2019-11-05 14:56:26.620352839,0.0,0.0,"{'D','W','D','W'}",31.5,0.75,{}
2019-11-05 14:56:26.627495696,0.0,0.0,"{'D','W'}",54.4,1.0,{}
2019-11-05 14:56:26.634638553,0.0,0.0,"{'D','W','D','W'}",45.833,0.333,{}
2019-11-05 14:56:26.641781410,0.0,0.0,"{'D','W','D','W'}",57.2,0.2,{}
2019-11-05 14:56:26.648924267,0.0,0.0,"{'D','W','D','W'}",46.5,-0.167,{}
2019-11-05 14:56:26.656067124,0.0,0.0,"{'D','W'}",44.75,-0.75,{}
2019-11-05 14:56:26.663209981,0.0,0.0,"{'D','W','D'}",45.333,-1.167,{}
2019-11-05 14:56:26.670352838,0.0,0.0,"{'D','D'}",52.6,-1.8,{}
2019-11-05 14:56:26.677495695,0.0,0.0,{'D'},30.25,-1.25,{}
2019-11-05 14:56:26.684638552,0.0,0.0,"{'D','D'}",38.833,-2.333,{}
2019-11-05 14:56:26.691781409,0.0,0.0,"{'D','D'}",34.667,-2.5,{}
2019-11-05 14:56:26.698924266,0.0,0.0,"{'D','D'}",31.167,-3.167,{}
2019-11-05 14:56:26.706067123,0.0,0.0,"{'D','D'}",32.4,-4.2,{}
2019-11-05 14:56:26.713209980,0.0,0.0,{'D'},18.0,-2.75,{}
2019-11-05 14:56:26.720352837,0.0,0.0,"{'D','D'}",20.667,-3.5,{}
2019-11-05 14:56:26.727495694,0.0,0.0,"{'D','D'}",17.333,-3.0,{}
2019-11-05 14:56:26.734638551,0.0,0.0,"{'D','D'}",6.6,-1.0,{}
2019-11-05 14:56:26.741781408,0.0,0.0,{'D'},12.5,-1.25,{}
2019-11-05 14:56:26.748924265,0.0,0.0,"{'D','D'}",7.0,-0.5,{}
2019-11-05 14:56:26.756067122,0.0,0.0,"{'D','D'}",5.0,0.167,{}
2019-11-05 14:56:26.763209979,0.0,0.0,"{'D','D'}",2.0,1.2,{}
2019-11-05 14:56:26.770352836,0.0,0.0,{'D'},0.0,0.75,{}
2019-11-05 14:56:26.777495693,0.0,0.0,"{'D','D'}",0.0,0.0,{}
2019-11-05 14:56:26.784638550,0.0,0.0,"{'D','D'}",0.0,0.0,{}
2019-11-05 14:56:26.791781407,0.0,0.0,{'D'},0.0,0.0,{}
2019-11-05 14:56:26.798924264,0.0,0.0,"{'D','D'}",0.0,0.0,{}
2019-11-05 14:56:26.806067121,0.0,0.0,"{'D','D'}",0.0,0.0,{}
2019-11-05 14:56:26.813209978,0.0,0.0,{'D'},0.0,0.0,{}
2019-11-05 14:56:26.820352835,0.0,0.0,"{'D','D'}",0.0,0.0,{}
2019-11-05 14:56:26.827495692,0.0,0.0,"{'D','W','D','W'}",0.0,0.0,{}
2019-11-05 14:56:26.834638549,0.0,0.0,"{'D','W','D','W'}",0.0,0.0,{}
2019-11-05 14:56:26.841781406,0.0,0.0,"{'D','W'}",0.0,0.0,{}
2019-11-05 14:56:26.848924263,0.0,0.0,"{'D','W','D','W'}",0.0,0.0,{}
2019-11-05 14:56:26.856067120,0.0,0.0,"{'D','W','D','W'}",0.0,0.0,{}
2019-11-05 14:56:26.863209977,0.0,0.0,"{'D','W','D','W'}",0.0,0.0,{}
2019-11-05 14:56:26.870352834,0.0,0.0,"{'D','W','D','W'}",0.0,0.0,{}
2019-11-05 14:56:26.877495691,0.0,0.0,"{'D','W'}",0.0,0.0,{}
2019-11-05 14:56:26.884638548,0.0,0.0,"{'D','W','W'}",0.0,0.0,{}
2019-11-05 14:56:26.891781405,0.0,0.0,"{'W','W'}",0.0,0.0,{}
2019-11-05 14:56:26.898924262,0.0,0.0,"{'W','W'}",0.0,0.0,{}
2019-11-05 14:56:26.906067119,0.0,0.0,"{'W','W'}",0.0,0.0,{}
2019-11-05 14:56:26.913209976,0.0,0.0,{'W'},0.0,0.0,{}
2019-11-05 14:56:26.920352833,0.0,0.0,"{'W','W'}",0.0,0.0,{}
2019-11-05 14:56:26.927495690,0.0,0.0,{'W'},0.0,0.0,{}
2019-11-05 14:56:26.934638547,0.0,0.0,"{'W','W'}",0.0,0.0,{}
2019-11-05 14:56:26.941781404,0.0,0.0,"{'W','W'}",0.0,0.0,{}
2019-11-05 14:56:26.948924261,0.0,0.0,"{'W','W'}",0.0,0.0,{}
2019-11-05 14:56:26.956067118,0.0,0.0,"{'W','W'}",0.0,0.0,{}
2019-11-05 14:56:26.963209975,0.0,0.0,{'W'},0.0,0.0,{}
2019-11-05 14:56:26.970352832,0.0,0.0,"{'W','W'}",0.0,0.0,{}
2019-11-05 14:56:26.977495689,0.0,0.0,"{'W','W'}",0.0,0.0,{}
2019-11-05 14:56:26.984638546,0.0,0.0,{'W'},0.0,0.0,{}
2019-11-05 14:56:26.991781403,0.0,0.0,"{'W','W'}",0.0,0.0,{}
2019-11-05 14:56:26.998924260,0.0,0.0,"{'W','W'}",0.0,0.0,{}
2019-11-05 14:56:27.006067117,0.0,0.0,"{'W','W'}",0.0,0.0,{}
2019-11-05 14:56:27.013209974,0.0,0.0,"{'W','W'}",0.0,0.0,{}
2019-11-05 14:56:27.020352831,0.0,0.0,{'W'},0.0,0.0,{}
2019-11-05 14:56:27.027495688,0.0,0.0,"{'W','W'}",0.0,0.0,{}
2019-11-05 14:56:27.034638545,0.0,0.0,"{'W','W'}",0.0,0.0,{}
2019-11-05 14:56:27.041781402,0.0,0.0,"{'3','W','3','W'}",0.0,0.0,{}
2019-11-05 14:56:27.048924259,0.0,0.0,"{'3','W','3','W'}",0.0,0.0,{}
2019-11-05 14:56:27.056067116,0.0,0.0,"{'3','W'}",0.0,0.0,{}
2019-11-05 14:56:27.063209973,0.0,0.0,"{'3','W','3','W'}",0.0,0.0,{}
2019-11-05 14:56:27.070352830,0.0,0.0,"{'3','W','3','W'}",-0.167,0.0,{}
2019-11-05 14:56:27.077495687,0.0,0.0,"{'3','W','3','W'}",-0.333,-0.833,{}
2019-11-05 14:56:27.084638544,0.0,0.0,"{'3','W'}",0.0,-0.5,{}
2019-11-05 14:56:27.091781401,0.0,0.0,"{'3','W','3','W'}",-0.2,0.0,{}
2019-11-05 14:56:27.098924258,0.0,0.0,"{'3','W','3','W'}",-0.333,0.333,{}
2019-11-05 14:56:27.106067115,0.0,0.0,"{'3','W','3','W'}",-0.333,1.0,{}
2019-11-05 14:56:27.113209972,0.0,0.0,"{'3','W'}",-1.25,2.25,{}
2019-11-05 14:56:27.120352829,0.0,0.0,"{'3','W','3','W'}",-1.0,1.4,{}
2019-11-05 14:56:27.127495686,0.0,0.0,"{'3','W'}",-1.75,2.5,{}
2019-11-05 14:56:27.134638543,0.0,0.0,"{'3','W','3','W'}",-0.8,1.2,{}
2019-11-05 14:56:27.141781400,0.0,0.0,"{'3','W','3','W'}",-1.167,1.833,{}
2019-11-05 14:56:27.148924257,0.0,0.0,"{'3','W','3','W'}",-0.5,1.0,{}
2019-11-05 14:56:27.156067114,0.0,0.0,"{'3','W'}",-1.2,2.6,{}
2019-11-05 14:56:27.163209971,0.0,0.0,"{'3','W','W'}",-1.2,2.6,{}
2019-11-05 14:56:27.170352828,0.0,0.0,"{'W','W'}",-0.6,1.4,{}
2019-11-05 14:56:27.177495685,0.0,0.0,"{'W','W'}",-1.0,2.5,{}
2019-11-05 14:56:27.184638542,0.0,0.0,{'W'},-1.4,3.0,{}
2019-11-05 14:56:27.191781399,0.0,0.0,"{'W','W'}",-1.8,3.2,{}
2019-11-05 14:56:27.198924256,0.0,0.0,"{'W','W'}",-1.5,2.5,{}
2019-11-05 14:56:27.206067113,0.0,0.0,"{'W','W'}",-1.2,1.6,{}
2019-11-05 14:56:27.213209970,0.0,0.0,"{'W','W'}",-1.667,2.333,{}
2019-11-05 14:56:27.220352827,0.0,0.0,"{'W','W'}",-2.0,2.5,{}
2019-11-05 14:56:27.227495684,0.0,0.0,{'W'},-1.4,1.6,{}
2019-11-05 14:56:27.234638541,0.0,0.0,"{'W','W'}",-2.6,2.6,{}
2019-11-05 14:56:27.241781398,0.0,0.0,"{'W','W'}",-1.2,1.2,{}
2019-11-05 14:56:27.248924255,0.0,0.0,"{'W','W'}",-2.333,1.833,{}
2019-11-05 14:56:27.256067112,0.0,0.0,"{'W','W'}",-2.5,1.5,{}
2019-11-05 14:56:27.263209969,0.0,0.0,{'W'},-3.5,1.75,{}
2019-11-05 14:56:27.270352826,0.0,0.0,"{'W','W'}",-2.2,0.8,{}
2019-11-05 14:56:27.277495683,0.0,0.0,"{'W','W'}",-2.0,0.667,{}
2019-11-05 14:56:27.284638540,0.0,0.0,{'W'},-2.0,0.25,{}
2019-11-05 14:56:27.291781397,0.0,0.0,"{'W','W'}",-0.5,0.0,{}
2019-11-05 14:56:27.298924254,0.0,0.0,"{'W','W'}",0.0,0.0,{}
2019-11-05 14:56:27.306067111,0.0,0.0,"{'W','W'}",0.0,0.0,{}
2019-11-05 14:56:27.313209968,0.0,0.0,{'W'},0.0,0.0,{}
2019-11-05 14:56:27.320352825,0.0,0.0,"{'W','W'}",0.0,0.0,{}
2019-11-05 14:56:27.327495682,0.0,0.0,"{'W','W'}",0.0,0.0,{}
2019-11-05 14:56:27.334638539,0.0,0.0,"{'W','W'}",0.0,0.0,{}
2019-11-05 14:56:27.341781396,0.0,0.0,{'W'},0.0,0.0,{}
2019-11-05 14:56:27.348924253,0.0,0.0,"{'W','W'}",0.0,0.0,{}
2019-11-05 14:56:27.356067110,0.0,0.0,"{'W','W'}",0.0,0.0,{}
2019-11-05 14:56:27.363209967,0.0,0.0,"{'W','W'}",0.0,0.0,{}
2019-11-05 14:56:27.370352824,0.0,0.0,{'W'},0.0,0.0,{}
2019-11-05 14:56:27.377495681,0.0,0.0,"{'W','W'}",0.0,0.0,{}
2019-11-05 14:56:27.384638538,0.0,0.0,"{'W','W'}",0.0,0.0,{}
2019-11-05 14:56:27.391781395,0.0,0.0,"{'W','W'}",0.0,0.0,{}
2019-11-05 14:56:27.398924252,0.0,0.0,"{'W','W'}",0.0,0.0,{}
2019-11-05 14:56:27.406067109,0.0,0.0,{'W'},0.0,0.0,{}
2019-11-05 14:56:27.413209966,0.0,0.0,"{'W','W'}",0.0,0.0,{}
2019-11-05 14:56:27.420352823,0.0,0.0,"{'W','W'}",0.0,0.0,{}
2019-11-05 14:56:27.427495680,0.0,0.0,{'W'},0.0,0.0,{}
2019-11-05 14:56:27.434638537,0.0,0.0,"{'W','W'}",0.0,0.0,{}
2019-11-05 14:56:27.441781394,0.0,0.0,"{'W','W'}",0.0,0.0,{}
2019-11-05 14:56:27.448924251,0.0,0.0,"{'W','W'}",0.0,0.0,{}
2019-11-05 14:56:27.456067108,0.0,0.0,"{'W','W'}",0.0,0.0,{}
2019-11-05 14:56:27.463209965,0.0,0.0,{'W'},0.0,0.0,{}
2019-11-05 14:56:27.470352822,0.0,0.0,"{'W','W'}",0.0,0.0,{}
2019-11-05 14:56:27.477495679,0.0,0.0,"{'W','W'}",0.0,0.0,{}
2019-11-05 14:56:27.484638536,0.0,0.0,"{'W','W'}",0.0,0.0,{}
2019-11-05 14:56:27.491781393,0.0,0.0,{'W'},0.0,0.0,{}
2019-11-05 14:56:27.498924250,0.0,0.0,"{'W','W'}",0.333,-0.167,{}
2019-11-05 14:56:27.506067107,0.0,0.0,"{'W','W'}",0.6,-0.8,{}
2019-11-05 14:56:27.513209964,0.0,0.0,{'W'},0.25,-0.5,{}
2019-11-05 14:56:27.520352821,0.0,0.0,"{'W','W'}",-0.2,-0.2,{}
2019-11-05 14:56:27.527495678,0.0,0.0,"{'W','W'}",-0.333,0.0,{}
2019-11-05 14:56:27.534638535,0.0,0.0,"{'W','W'}",-0.5,0.167,{}
2019-11-05 14:56:27.541781392,0.0,0.0,"{'W','W'}",-0.2,0.2,{}
2019-11-05 14:56:27.548924249,0.0,0.0,"{'W','W'}",-0.667,0.167,{}
2019-11-05 14:56:27.556067106,0.0,0.0,{'W'},-0.6,0.2,{}
2019-11-05 14:56:27.563209963,0.0,0.0,"{'W','W'}",-0.2,0.2,{}
2019-11-05 14:56:27.570352820,0.0,0.0,"{'W','W'}",0.0,0.0,{}
2019-11-05 14:56:27.577495677,0.0,0.0,"{'W','W'}",0.0,0.0,{}
2019-11-05 14:56:27.584638534,0.0,0.0,{'W'},0.2,0.0,{}
2019-11-05 14:56:27.591781391,0.0,0.0,"{'W','W'}",0.2,0.2,{}
2019-11-05 14:56:27.598924248,0.0,0.0,"{'W','W'}",0.5,0.0,{}
2019-11-05 14:56:27.606067105,0.0,0.0,"{'W','W'}",0.5,0.167,{}
2019-11-05 14:56:27.613209962,0.0,0.0,"{'W','W'}",0.2,0.0,{}
2019-11-05 14:56:27.620352819,0.0,0.0,{'W'},1.0,0.2,{}
2019-11-05 14:56:27.627495676,0.0,0.0,"{'W','W'}",1.2,0.6,{}
2019-11-05 14:56:27.634638533,0.0,0.0,"{'W','W'}",0.6,0.2,{}
2019-11-05 14:56:27.641781390,0.0,0.0,{'W'},1.8,0.8,{}
2019-11-05 14:56:27.648924247,0.0,0.0,"{'W','W'}",1.333,0.833,{}
2019-11-05 14:56:27.656067104,0.0,0.0,"{'W','W'}",1.2,1.0,{}
2019-11-05 14:56:27.663209961,0.0,0.0,"{'W','W'}",0.667,0.667,{}
2019-11-05 14:56:27.670352818,0.0,0.0,"{'W','W'}",0.4,0.6,{}
2019-11-05 14:56:27.677495675,0.0,0.0,{'W'},0.2,0.8,{}
2019-11-05 14:56:27.684638532,0.0,0.0,"{'W','W'}",0.4,1.2,{}
2019-11-05 14:56:27.691781389,0.0,0.0,"{'W','W'}",-0.5,1.0,{}
2019-11-05 14:56:27.698924246,0.0,0.0,"{'W','W'}",-1.333,1.333,{}
2019-11-05 14:56:27.706067103,0.0,0.0,"{'A','W','A','W'}",-1.0,0.8,{}
2019-11-05 14:56:27.713209960,0.0,0.0,"{'A','W'}",-3.25,1.25,{}
2019-11-05 14:56:27.720352817,0.0,0.0,"{'A','W','A','W'}",-3.833,1.167,{}
2019-11-05 14:56:27.727495674,0.0,0.0,"{'A','W','A'}",-0.4,0.2,{}
2019-11-05 14:56:27.734638531,0.0,0.0,{'A'},-5.8,1.2,{}
2019-11-05 14:56:27.741781388,0.0,0.0,"{'A','A'}",-4.0,0.75,{}
2019-11-05 14:56:27.748924245,0.0,0.0,"{'A','A'}",-7.5,1.0,{}
2019-11-05 14:56:27.756067102,0.0,0.0,{'A'},-2.2,0.4,{}
2019-11-05 14:56:27.763209959,0.0,0.0,"{'A','A'}",-8.6,0.8,{}
2019-11-05 14:56:27.770352816,0.0,0.0,"{'A','A'}",-7.833,0.667,{}
2019-11-05 14:56:27.777495673,0.0,0.0,"{'A','A'}",-5.0,0.2,{}
2019-11-05 14:56:27.784638530,0.0,0.0,{'A'},-10.2,0.4,{}
2019-11-05 14:56:27.791781387,0.0,0.0,"{'A','A'}",-10.4,0.4,{}
2019-11-05 14:56:27.798924244,0.0,0.0,"{'A','A'}",-9.0,0.0,{}
2019-11-05 14:56:27.806067101,0.0,0.0,"{'A','A'}",-9.167,0.0,{}
2019-11-05 14:56:27.813209958,0.0,0.0,"{'A','A'}",-5.6,0.0,{}
2019-11-05 14:56:27.820352815,0.0,0.0,{'A'},-11.0,-0.2,{}
2019-11-05 14:56:27.827495672,0.0,0.0,"{'A','A'}",-4.2,-0.2,{}
2019-11-05 14:56:27.834638529,0.0,0.0,"{'A','A'}",-8.0,-0.5,{}
2019-11-05 14:56:27.841781386,0.0,0.0,{'A'},-7.25,-0.5,{}
2019-11-05 14:56:27.848924243,0.0,0.0,"{'A','A'}",-11.5,-1.0,{}
2019-11-05 14:56:27.856067100,0.0,0.0,"{'A','A'}",-7.833,-0.833,{}
2019-11-05 14:56:27.863209957,0.0,0.0,"{'2','A','2','A'}",-10.0,-1.0,{}
2019-11-05 14:56:27.870352814,0.0,0.0,"{'2','A'}",-13.0,-1.75,{}
2019-11-05 14:56:27.877495671,0.0,0.0,"{'2','A','1','2','A'}",-8.5,-1.0,{}
2019-11-05 14:56:27.884638528,0.0,0.0,"{'1','2','A','1','2','A'}",-4.0,-0.667,{}
2019-11-05 14:56:27.891781385,0.0,0.0,"{'1','2','A','1','2','A'}",-4.8,-0.6,{}
2019-11-05 14:56:27.898924242,0.0,0.0,"{'1','2','A','1','2','A'}",-7.833,-1.167,{}
2019-11-05 14:56:27.906067099,0.0,0.0,"{'1','2','A'}",-10.0,-1.6,{}
2019-11-05 14:56:27.913209956,0.0,0.0,"{'1','2','A','1','2','A'}",-5.5,-0.75,{}
2019-11-05 14:56:27.920352813,0.0,0.0,"{'1','A','1','A'}",-6.5,-1.167,{}
2019-11-05 14:56:27.927495670,0.0,0.0,"{'1','A','1','A'}",-6.833,-1.167,{}
2019-11-05 14:56:27.934638527,0.0,0.0,"{'1','A'}",-5.333,-1.0,{}
2019-11-05 14:56:27.941781384,0.0,0.0,"{'1','A','1','A'}",-7.667,-1.5,{}
2019-11-05 14:56:27.948924241,0.0,0.0,"{'1','A','1','A'}",-4.167,-0.833,{}
2019-11-05 14:56:27.956067098,0.0,0.0,"{'1','A','1','A'}",-3.333,-0.833,{}
2019-11-05 14:56:27.963209955,0.0,0.0,"{'1','A','1','A'}",-2.5,-0.833,{}
2019-11-05 14:56:27.970352812,0.0,0.0,"{'1','A'}",-2.0,-0.333,{}
2019-11-05 14:56:27.977495669,0.0,0.0,"{'1','A','1','A'}",-1.0,-0.5,{}
2019-11-05 14:56:27.984638526,0.0,0.0,"{'1','A','1','A'}",-0.5,-0.333,{}
2019-11-05 14:56:27.991781383,0.0,0.0,"{'1','A'}",0.0,-0.333,{}
2019-11-05 14:56:27.998924240,0.0,0.0,"{'A','A'}",0.333,-0.333,{}
2019-11-05 14:56:28.006067097,0.0,0.0,"{'A','A'}",1.333,-0.333,{}
2019-11-05 14:56:28.013209954,0.0,0.0,"{'A','A'}",0.6,0.0,{}
2019-11-05 14:56:28.020352811,0.0,0.0,{'A'},3.75,-0.5,{}
2019-11-05 14:56:28.027495668,0.0,0.0,"{'A','A'}",3.0,-0.167,{}
2019-11-05 14:56:28.034638525,0.0,0.0,"{'A','A'}",3.667,0.0,{}
2019-11-05 14:56:28.041781382,0.0,0.0,"{'A','A'}",0.2,0.0,{}
2019-11-05 14:56:28.048924239,0.0,0.0,"{'A','A'}",6.167,-0.167,{}
2019-11-05 14:56:28.056067096,0.0,0.0,{'A'},8.25,0.0,{}
2019-11-05 14:56:28.063209953,0.0,0.0,"{'A','A','D'}",3.2,0.0,{}
2019-11-05 14:56:28.070352810,0.0,0.0,"{'A','D'}",8.25,0.0,{}
2019-11-05 14:56:28.077495667,0.0,0.0,"{'A','D','A','D'}",6.0,0.167,{}
2019-11-05 14:56:28.084638524,0.0,0.0,"{'D','D'}",6.0,0.0,{}
2019-11-05 14:56:28.091781381,0.0,0.0,{'D'},7.0,0.0,{}
2019-11-05 14:56:28.098924238,0.0,0.0,"{'D','D'}",7.667,0.167,{}
2019-11-05 14:56:28.106067095,0.0,0.0,"{'D','D'}",9.833,0.333,{}
2019-11-05 14:56:28.113209952,0.0,0.0,"{'D','D'}",7.667,0.333,{}
2019-11-05 14:56:28.120352809,0.0,0.0,{'D'},8.333,0.333,{}
2019-11-05 14:56:28.127495666,0.0,0.0,"{'D','D'}",8.0,0.0,{}
2019-11-05 14:56:28.134638523,0.0,0.0,"{'D','D'}",8.5,0.167,{}
2019-11-05 14:56:28.141781380,0.0,0.0,{'D'},13.25,0.25,{}
2019-11-05 14:56:28.148924237,0.0,0.0,"{'D','D'}",9.0,0.167,{}
2019-11-05 14:56:28.156067094,0.0,0.0,"{'D','D'}",8.167,0.167,{}
2019-11-05 14:56:28.163209951,0.0,0.0,"{'D','D'}",8.8,0.2,{}
2019-11-05 14:56:28.170352808,0.0,0.0,"{'D','D'}",9.833,0.333,{}
2019-11-05 14:56:28.177495665,0.0,0.0,{'D'},9.667,0.333,{}
2019-11-05 14:56:28.184638522,0.0,0.0,"{'D','D'}",10.167,0.5,{}
2019-11-05 14:56:28.191781379,0.0,0.0,"{'D','D'}",10.0,0.5,{}
2019-11-05 14:56:28.198924236,0.0,0.0,"{'D','D'}",13.833,0.833,{}
2019-11-05 14:56:28.206067093,0.0,0.0,"{'D','D'}",10.0,0.333,{}
2019-11-05 14:56:28.213209950,0.0,0.0,"{'D','D'}",9.5,0.5,{}
2019-11-05 14:56:28.220352807,0.0,0.0,{'D'},9.333,0.333,{}
2019-11-05 14:56:28.227495664,0.0,0.0,"{'D','D'}",9.167,0.5,{}
2019-11-05 14:56:28.234638521,0.0,0.0,"{'D','D'}",8.833,0.333,{}
2019-11-05 14:56:28.241781378,0.0,0.0,"{'D','D'}",8.333,0.333,{}
2019-11-05 14:56:28.248924235,0.0,0.0,"{'D','D'}",7.667,0.333,{}
2019-11-05 14:56:28.256067092,0.0,0.0,{'D'},8.0,0.333,{}
2019-11-05 14:56:28.263209949,0.0,0.0,"{'D','D'}",11.833,0.833,{}
2019-11-05 14:56:28.270352806,0.0,0.0,"{'D','D'}",7.5,0.667,{}
2019-11-05 14:56:28.277495663,0.0,0.0,{'D'},7.333,0.333,{}
2019-11-05 14:56:28.284638520,0.0,0.0,"{'D','D'}",6.667,0.5,{}
2019-11-05 14:56:28.291781377,0.0,0.0,"{'D','D'}",11.0,1.0,{}
2019-11-05 14:56:28.298924234,0.0,0.0,"{'D','D'}",4.857,0.429,{}
2019-11-05 14:56:28.306067091,0.0,0.0,{'D'},7.0,0.5,{}
2019-11-05 14:56:28.313209948,0.0,0.0,"{'D','D'}",2.8,0.4,{}
2019-11-05 14:56:28.320352805,0.0,0.0,"{'D','D'}",1.833,0.167,{}
2019-11-05 14:56:28.327495662,0.0,0.0,"{'D','D'}",3.833,0.5,{}
2019-11-05 14:56:28.334638519,0.0,0.0,{'D'},4.5,0.5,{}
2019-11-05 14:56:28.341781376,0.0,0.0,"{'D','D'}",1.6,0.2,{}
2019-11-05 14:56:28.348924233,0.0,0.0,"{'D','D'}",2.167,0.333,{}
2019-11-05 14:56:28.356067090,0.0,0.0,"{'D','D'}",1.167,0.333,{}
2019-11-05 14:56:28.363209947,0.0,0.0,"{'D','D'}",0.167,0.0,{}
2019-11-05 14:56:28.370352804,0.0,0.0,{'D'},0.0,0.0,{}
2019-11-05 14:56:28.377495661,0.0,0.0,"{'D','D'}",-1.167,0.167,{}
2019-11-05 14:56:28.384638518,0.0,0.0,"{'D','D'}",-2.333,0.333,{}
2019-11-05 14:56:28.391781375,0.0,0.0,{},-4.0,0.0,{}
2019-11-05 14:56:28.398924232,0.0,0.0,{},-5.0,0.0,{}
2019-11-05 14:56:28.406067089,0.0,0.0,{'W'},-6.0,-0.333,{}
2019-11-05 14:56:28.413209946,0.0,0.0,"{'W','W'}",-4.2,-0.6,{}
2019-11-05 14:56:28.420352803,0.0,0.0,{'W'},-12.0,-1.25,{}
2019-11-05 14:56:28.427495660,0.0,0.0,"{'W','W'}",-9.167,-1.0,{}
2019-11-05 14:56:28.434638517,0.0,0.0,"{'W','W'}",-9.667,-1.167,{}
2019-11-05 14:56:28.441781374,0.0,0.0,"{'W','W'}",-6.4,-0.6,{}
2019-11-05 14:56:28.448924231,0.0,0.0,"{'W','W'}",-11.167,-1.5,{}
2019-11-05 14:56:28.456067088,0.0,0.0,{'W'},-18.0,-1.75,{}
2019-11-05 14:56:28.463209945,0.0,0.0,"{'W','W'}",-7.2,-1.0,{}
2019-11-05 14:56:28.470352802,0.0,0.0,{'W'},-22.25,-3.0,{}
2019-11-05 14:56:28.477495659,0.0,0.0,"{'W','W'}",-14.0,-2.0,{}
2019-11-05 14:56:28.484638516,0.0,0.0,"{'W','W'}",-14.333,-2.333,{}
2019-11-05 14:56:28.491781373,0.0,0.0,"{'W','W'}",-9.0,-1.4,{}
2019-11-05 14:56:28.498924230,0.0,0.0,"{'W','W'}",-19.429,-3.286,{}
2019-11-05 14:56:28.506067087,0.0,0.0,{'W'},-11.25,-2.0,{}
2019-11-05 14:56:28.513209944,0.0,0.0,"{'W','W'}",-15.6,-2.8,{}
2019-11-05 14:56:28.520352801,0.0,0.0,"{'W','W'}",-14.167,-2.5,{}
2019-11-05 14:56:28.527495658,0.0,0.0,"{'W','W'}",-6.667,-1.5,{}
2019-11-05 14:56:28.534638515,0.0,0.0,{'W'},-10.0,-1.75,{}
2019-11-05 14:56:28.541781372,0.0,0.0,"{'W','W'}",-14.2,-3.0,{}
2019-11-05 14:56:28.548924229,0.0,0.0,"{'W','W'}",-11.333,-2.667,{}
2019-11-05 14:56:28.556067086,0.0,0.0,"{'W','W'}",-11.0,-2.667,{}
2019-11-05 14:56:28.563209943,0.0,0.0,"{'W','W'}",-5.0,-1.4,{}
2019-11-05 14:56:28.570352800,0.0,0.0,{'W'},-12.5,-3.75,{}
2019-11-05 14:56:28.577495657,0.0,0.0,"{'W','W'}",-8.833,-3.0,{}
2019-11-05 14:56:28.584638514,0.0,0.0,"{'D','W','D','W'}",-3.8,-1.4,{}
2019-11-05 14:56:28.591781371,0.0,0.0,"{'D','W'}",-7.25,-3.0,{}
2019-11-05 14:56:28.598924228,0.0,0.0,"{'D','W','D','W'}",-4.667,-2.0,{}
2019-11-05 14:56:28.606067085,0.0,0.0,"{'D','W','D','W'}",-3.333,-1.667,{}
2019-11-05 14:56:28.613209942,0.0,0.0,"{'D','W','D','W'}",-2.333,-1.167,{}
2019-11-05 14:56:28.620352799,0.0,0.0,"{'D','W','D','W'}",-1.25,-0.75,{}
2019-11-05 14:56:28.627495656,0.0,0.0,"{'D','W'}",-0.6,-0.6,{}
2019-11-05 14:56:28.634638513,0.0,0.0,"{'D','W','D','W'}",0.0,0.0,{}
2019-11-05 14:56:28.641781370,0.0,0.0,"{'D','W','D','W'}",0.0,0.0,{}
2019-11-05 14:56:28.648924227,0.0,0.0,"{'D','W','D','W'}",0.0,0.0,{}
2019-11-05 14:56:28.656067084,0.0,0.0,"{'D','W','D','W'}",0.0,0.0,{}
2019-11-05 14:56:28.663209941,0.0,0.0,"{'D','W'}",0.0,0.0,{}
2019-11-05 14:56:28.670352798,0.0,0.0,"{'D','W','D','W'}",0.0,0.0,{}
2019-11-05 14:56:28.677495655,0.0,0.0,"{'D','W','D','W'}",0.0,0.0,{}
2019-11-05 14:56:28.684638512,0.0,0.0,"{'D','W','D','W'}",0.0,0.0,{}
2019-11-05 14:56:28.691781369,0.0,0.0,"{'D','W'}",0.0,0.0,{}
2019-11-05 14:56:28.698924226,0.0,0.0,"{'D','W','D','W'}",0.0,0.0,{}
2019-11-05 14:56:28.706067083,0.0,0.0,"{'D','W','D','W'}",0.0,0.0,{}
2019-11-05 14:56:28.713209940,0.0,0.0,"{'D','W','D','W'}",0.0,0.0,{}
2019-11-05 14:56:28.720352797,0.0,0.0,"{'D','W','D','W'}",0.0,0.0,{}
2019-11-05 14:56:28.727495654,0.0,0.0,"{'D','W'}",0.0,0.0,{}
2019-11-05 14:56:28.734638511,0.0,0.0,"{'D','W','D','W'}",0.0,0.0,{}
2019-11-05 14:56:28.741781368,0.0,0.0,"{'D','W','D','W'}",0.0,0.0,{}
2019-11-05 14:56:28.748924225,0.0,0.0,"{'D','W','D','W'}",0.0,0.0,{}
2019-11-05 14:56:28.756067082,0.0,0.0,"{'D','W'}",0.0,0.0,{}
2019-11-05 14:56:28.763209939,0.0,0.0,"{'D','W','D','W'}",0.0,0.0,{}
2019-11-05 14:56:28.770352796,0.0,0.0,"{'D','W','D','W'}",0.0,0.0,{}
2019-11-05 14:56:28.777495653,0.0,0.0,"{'D','W'}",0.0,0.0,{}
2019-11-05 14:56:28.784638510,0.0,0.0,"{'D','W','D','W'}",0.0,0.0,{}
2019-11-05 14:56:28.791781367,0.0,0.0,"{'D','W','D','W'}",0.0,0.0,{}
2019-11-05 14:56:28.798924224,0.0,0.0,"{'D','W','D','W'}",0.0,0.0,{}
2019-11-05 14:56:28.806067081,0.0,0.0,"{'D','W','D','W'}",0.0,0.0,{}
2019-11-05 14:56:28.813209938,0.0,0.0,"{'D','W'}",0.0,0.0,{}
2019-11-05 14:56:28.820352795,0.0,0.0,"{'D','W','D','W'}",0.0,0.0,{}
2019-11-05 14:56:28.827495652,0.0,0.0,"{'D','W','D','W'}",0.0,0.0,{}
2019-11-05 14:56:28.834638509,0.0,0.0,"{'D','W','D','W'}",0.0,0.0,{}
2019-11-05 14:56:28.841781366,0.0,0.0,"{'D','W'}",0.0,0.0,{}
2019-11-05 14:56:28.848924223,0.0,0.0,"{'D','W','D','W'}",0.0,0.0,{}
2019-11-05 14:56:28.856067080,0.0,0.0,"{'D','W','D','W'}",0.0,0.0,{}
2019-11-05 14:56:28.863209937,0.0,0.0,"{'D','W','D','W'}",-0.2,-0.2,{}
2019-11-05 14:56:28.870352794,0.0,0.0,"{'D','W','D','W'}",-0.833,-0.667,{}
2019-11-05 14:56:28.877495651,0.0,0.0,"{'D','W'}",-3.2,-1.0,{}
2019-11-05 14:56:28.884638508,0.0,0.0,"{'D','W','D','W'}",-4.6,-0.8,{}
2019-11-05 14:56:28.891781365,0.0,0.0,"{'D','W','D','W'}",-2.4,-0.4,{}
2019-11-05 14:56:28.898924222,0.0,0.0,"{'D','W','D','W'}",-6.167,-1.167,{}
2019-11-05 14:56:28.906067079,0.0,0.0,"{'D','W','D','W'}",-7.5,-1.333,{}
2019-11-05 14:56:28.913209936,0.0,0.0,"{'D','W'}",-14.75,-2.5,{}
2019-11-05 14:56:28.920352793,0.0,0.0,"{'D','W','D','W'}",-4.4,-0.8,{}
2019-11-05 14:56:28.927495650,0.0,0.0,"{'D','W','D','W'}",-6.667,-1.0,{}
2019-11-05 14:56:28.934638507,0.0,0.0,"{'D','W'}",-7.2,-1.0,{}
2019-11-05 14:56:28.941781364,0.0,0.0,"{'D','W','D','W'}",-8.0,-1.0,{}
2019-11-05 14:56:28.948924221,0.0,0.0,"{'D','W','D','W'}",-6.333,-1.0,{}
2019-11-05 14:56:28.956067078,0.0,0.0,"{'D','W','D','W'}",-4.0,-0.4,{}
2019-11-05 14:56:28.963209935,0.0,0.0,"{'D','W'}",-7.4,-1.2,{}
